|albumArtLink|albumName|artistID|artistName|genreList|isBNM|isBNR|isReissue|labelList|publishDate|releaseYear|retrievalTime|reviewID|reviewLink|score|writer
0|http://cdn.pitchfork.com/albums/22126/homepage_large.17b8e965.jpg|Anthems for Doomed Youth|2471.0|The Libertines|['Rock']|0.0|0.0|0.0|['Harvest', 'Virgin EMI']|2015-09-07 00:00:00|2015|2016-06-11 16:06:42.694026|20881.0|http://pitchfork.com/reviews/albums/20881-anthems-for-doomed-youth/|7.7|Laura Snapes
0|http://cdn.pitchfork.com/albums/22307/homepage_large.b9d0b258.jpg|Challenge for a Civilized Society|4427.0|Unwound|['Rock']|0.0|0.0|1.0|['Numero Group']|2015-09-07 00:00:00|1998|2016-06-11 16:06:43.410468|20891.0|http://pitchfork.com/reviews/albums/20891-empire/|7.8|Evan Rytlewski
1|http://cdn3.pitchfork.com/albums/22308/homepage_large.b9d0b258.jpg|Leaves Turn Inside You|4427.0|Unwound|['Rock']|0.0|1.0|1.0|['Numero Group']|2015-09-07 00:00:00|2001|2016-06-11 16:06:43.410468|20891.0|http://pitchfork.com/reviews/albums/20891-empire/|9.0|Evan Rytlewski
0|http://cdn.pitchfork.com/albums/22251/homepage_large.e74868d8.jpg|All Yours|29704.0|Widowspeak|['Rock']|0.0|0.0|0.0|['Captured Tracks']|2015-09-07 00:00:00|2015|2016-06-11 16:06:44.091886|20986.0|http://pitchfork.com/reviews/albums/20986-all-yours/|6.8|Hazel Cills
0|http://cdn4.pitchfork.com/albums/22258/homepage_large.9042ab1f.jpg|When the Rainbow Disappears: An Anthology 1965-68|33141.0|The Kitchen Cinq|['Rock']|0.0|0.0|0.0|['Light in the Attic']|2015-09-07 00:00:00|2015|2016-06-11 16:06:44.655406|20992.0|http://pitchfork.com/reviews/albums/20992-when-the-rainbow-disappears-an-anthology-1965-68/|7.6|Corbin Reiff
0|http://cdn3.pitchfork.com/albums/22194/homepage_large.b23de099.jpg|Apologues|33108.0|Masayoshi Fujita|['Experimental']|0.0|0.0|0.0|['Erased Tapes']|2015-09-07 00:00:00|2015|2016-06-11 16:06:45.475173|20931.0|http://pitchfork.com/reviews/albums/20931-apologues/|8.2|Raymond Cummings
0|http://cdn.pitchfork.com/albums/22286/homepage_large.03e71621.jpg|Miley Cyrus and Her Dead Petz|5996.0|Miley Cyrus|['Pop/R&B']|0.0|0.0|0.0|['self-released']|2015-09-04 00:00:00|2015|2016-06-11 16:06:46.127761|21023.0|http://pitchfork.com/reviews/albums/21023-miley-cyrus-and-her-dead-petz/|3.0|Meaghan Garvey
0|http://cdn4.pitchfork.com/albums/22257/homepage_large.fe618fbe.jpg|Crosswords EP|3241.0|Panda Bear|['Electronic']|0.0|0.0|0.0|['Domino']|2015-09-04 00:00:00|2015|2016-06-11 16:06:46.706529|20991.0|http://pitchfork.com/reviews/albums/20991-crosswords-ep/|7.1|Mark Richardson
0|http://cdn3.pitchfork.com/albums/22239/homepage_large.7f331391.jpg|The Gold Standard|33129.0|Marrow|['Rock']|0.0|0.0|0.0|['self-released']|2015-09-04 00:00:00|2015|2016-06-11 16:06:47.219485|20973.0|http://pitchfork.com/reviews/albums/20973-the-gold-standard/|6.0|Hazel Cills
0|http://cdn.pitchfork.com/albums/22175/homepage_large.1f83ed22.jpg|Anesthesia|33098.0|Verbal Kent|['Rap']|0.0|0.0|0.0|['Mello Music Group']|2015-09-04 00:00:00|2015|2016-06-11 16:06:47.812677|20932.0|http://pitchfork.com/reviews/albums/20932-anesthesia/|6.0|J. Edward Keyes
0|http://cdn.pitchfork.com/albums/22205/homepage_large.df52f310.jpg|Turkey|33116.0|Mike Krol|['Rock']|0.0|0.0|0.0|['Merge']|2015-09-04 00:00:00|2015|2016-06-11 16:06:48.438157|20944.0|http://pitchfork.com/reviews/albums/20944-turkey/|7.4|Pat Healy
0|http://cdn2.pitchfork.com/albums/21965/homepage_large.6c7895a5.jpg|Poison Season|1068.0|Destroyer|['Rock']|0.0|0.0|0.0|['Merge', 'Dead Oceans']|2015-09-03 00:00:00|2015|2016-06-11 16:06:48.987786|20706.0|http://pitchfork.com/reviews/albums/20706-poison-season/|7.6|Jayson Greene
0|http://cdn3.pitchfork.com/albums/22191/homepage_large.cbb09730.jpg|The Meth Lab|7846.0|Method Man|['Rap']|0.0|0.0|0.0|['Tommy Boy']|2015-09-03 00:00:00|2015|2016-06-11 16:06:49.572029|21000.0|http://pitchfork.com/reviews/albums/21000-the-meth-lab/|4.0|Ian Cohen
0|http://cdn2.pitchfork.com/albums/22226/homepage_large.bd347f9f.jpg|Kicking Every Day|31635.0|All Dogs|['Rock']|0.0|0.0|0.0|['Salinas']|2015-09-03 00:00:00|2015|2016-06-11 16:06:51.324439|20961.0|http://pitchfork.com/reviews/albums/20961-kicking-every-day/|7.6|Laura Snapes
0|http://cdn2.pitchfork.com/albums/22123/homepage_large.aec4269b.jpg|Metalmania|33083.0|Salad Boys|['Rock']|0.0|0.0|0.0|['Trouble in Mind']|2015-09-03 00:00:00|2015|2016-06-11 16:06:52.089834|20877.0|http://pitchfork.com/reviews/albums/20877-metalmania/|6.8|Jes Skolnik
0|http://cdn4.pitchfork.com/albums/22122/homepage_large.3ac267f4.jpg|FW14|33082.0|Christian Rich|['Electronic']|0.0|0.0|0.0|['Lucky Number']|2015-09-03 00:00:00|2015|2016-06-11 16:06:52.730192|20874.0|http://pitchfork.com/reviews/albums/20874-christian-rich-fw14/|7.5|Marcus J. Moore
0|http://cdn.pitchfork.com/albums/22263/homepage_large.99bf5594.jpg|Beauty Behind the Madness|29533.0|The Weeknd|['Pop/R&B']|0.0|0.0|0.0|['Republic', 'XO']|2015-09-02 00:00:00|2015|2016-06-11 16:06:53.300777|20999.0|http://pitchfork.com/reviews/albums/20999-beauty-behind-the-madness/|7.2|Andrew Ryce
0|http://cdn.pitchfork.com/albums/22237/homepage_large.7d250287.jpg|What Went Down|5720.0|Foals|['Rock']|0.0|0.0|0.0|['Warner Bros.', 'Transgressive']|2015-09-02 00:00:00|2015|2016-06-11 16:06:53.875696|20971.0|http://pitchfork.com/reviews/albums/20971-what-went-down/|6.7|Ian Cohen
0|http://cdn3.pitchfork.com/albums/22234/homepage_large.0d8d8ee2.jpg|Tetrachromat EP|33127.0|Daniel.T.|['Electronic']|0.0|0.0|0.0|['Young Adults']|2015-09-02 00:00:00|2015|2016-06-11 16:06:54.679956|20968.0|http://pitchfork.com/reviews/albums/20968-tetrachromat-ep/|7.7|Abigail Garnett
0|http://cdn2.pitchfork.com/albums/22095/homepage_large.26cc3891.jpg|Litany|33069.0|Dead to a Dying World|['Metal']|0.0|0.0|0.0|['Gilead Media']|2015-09-02 00:00:00|2015|2016-06-11 16:06:55.186113|20834.0|http://pitchfork.com/reviews/albums/20834-litany/|8.2|Grayson Haver Currin
0|http://cdn4.pitchfork.com/albums/22218/homepage_large.7bbf0819.jpg|Badlands|33119.0|Halsey|['Pop/R&B']|0.0|0.0|0.0|['Astralwerks']|2015-09-02 00:00:00|2015|2016-06-11 16:06:55.818309|20951.0|http://pitchfork.com/reviews/albums/20951-badlands/|4.9|Nathan Reese
0|http://cdn3.pitchfork.com/albums/22204/homepage_large.c16452a0.jpg|Invite the Light|28083.0|Dâm-Funk|['Pop/R&B']|0.0|0.0|0.0|['Stones Throw']|2015-09-01 00:00:00|2015|2016-06-11 16:06:56.382938|20943.0|http://pitchfork.com/reviews/albums/20943-invite-the-light/|7.6|Miles Raymer
0|http://cdn.pitchfork.com/albums/22247/homepage_large.376ded24.jpg|Cranekiss|28370.0|Tamaryn|['Rock']|0.0|0.0|0.0|['Mexican Summer']|2015-09-01 00:00:00|2015|2016-06-11 16:06:58.025088|20981.0|http://pitchfork.com/reviews/albums/20981-tamaryn-cranekiss/|7.4|Jes Skolnik
0|http://cdn2.pitchfork.com/albums/22238/homepage_large.4f2f7a8b.jpg|Fake Palms|33128.0|Fake Palms|['Rock']|0.0|0.0|0.0|['Buzz']|2015-09-01 00:00:00|2015|2016-06-11 16:06:58.721909|20972.0|http://pitchfork.com/reviews/albums/20972-fake-palms/|6.9|Stuart Berman
0|http://cdn.pitchfork.com/albums/22200/homepage_large.42263088.jpg|Garden City Blues: Detroit’s Jumping Scene 1948-1960|0.0|Various Artists|[]|0.0|0.0|0.0|['JSP']|2015-09-01 00:00:00|2015|2016-06-11 16:06:59.341457|20938.0|http://pitchfork.com/reviews/albums/20938-garden-city-blues-detroits-jumping-scene-1948-1960/|7.6|Stephen M. Deusner
0|http://cdn2.pitchfork.com/albums/22124/homepage_large.ed9bd423.jpg|Versions|16903.0|Idjut Boys|['Electronic']|0.0|0.0|0.0|['Smalltown Supersound']|2015-09-01 00:00:00|2015|2016-06-11 16:07:01.032134|20875.0|http://pitchfork.com/reviews/albums/20875-versions/|7.4|Andy Beta
0|http://cdn2.pitchfork.com/albums/22236/homepage_large.c3f495d8.jpg|Stuff Like That There|4699.0|Yo La Tengo|['Rock']|0.0|0.0|0.0|['Matador']|2015-08-31 00:00:00|2015|2016-06-11 16:07:01.778269|20970.0|http://pitchfork.com/reviews/albums/20970-stuff-like-that-there/|7.1|Stuart Berman
0|http://cdn2.pitchfork.com/albums/22125/homepage_large.0121a924.jpg|Pickpocket’s Locket|1600.0|Frog Eyes|['Rock']|0.0|0.0|0.0|['Paper Bag']|2015-08-31 00:00:00|2015|2016-06-11 16:07:03.187043|20876.0|http://pitchfork.com/reviews/albums/20876-pickpockets-locket/|6.8|Winston Cook-Wilson
0|http://cdn2.pitchfork.com/albums/22233/homepage_large.cbb511e3.jpg|Dornik|31444.0|Dornik|['Pop/R&B']|0.0|0.0|0.0|['PMR']|2015-08-31 00:00:00|2015|2016-06-11 16:07:03.887583|20967.0|http://pitchfork.com/reviews/albums/20967-dornik/|7.1|Katherine St. Asaph
0|http://cdn3.pitchfork.com/albums/22227/homepage_large.b2aeb13a.jpg|Automaginary|31611.0|Bitchin Bajas|['Experimental']|0.0|0.0|0.0|['Drag City']|2015-08-31 00:00:00|2015|2016-06-11 16:07:04.736895|20959.0|http://pitchfork.com/reviews/albums/20959-automaginary/|7.9|Aaron Leitko
0|http://cdn.pitchfork.com/albums/22094/homepage_large.9bdc7e81.jpg|M|32410.0|Myrkur|['Metal']|0.0|0.0|0.0|['Relapse']|2015-08-31 00:00:00|2015|2016-06-11 16:07:05.362993|20833.0|http://pitchfork.com/reviews/albums/20833-m/|7.9|Grayson Haver Currin
0|http://cdn2.pitchfork.com/albums/22184/homepage_large.442768ab.jpg|Wave[s]|32461.0|Mick Jenkins|['Rap']|0.0|0.0|0.0|['Cinematic', 'Good Years']|2015-08-21 00:00:00|2015|2016-06-11 16:07:05.993485|20922.0|http://pitchfork.com/reviews/albums/20922-mick-jenkins-waves/|7.6|David Drake
0|http://cdn4.pitchfork.com/albums/22161/homepage_large.3d77e6f4.jpg|Meliora|31255.0|Ghost|[]|0.0|0.0|0.0|['Loma Vista']|2015-08-21 00:00:00|2015|2016-06-11 16:07:06.647392|20899.0|http://pitchfork.com/reviews/albums/20899-meliora/|6.2|Andy O'Connor
0|http://cdn2.pitchfork.com/albums/22018/homepage_large.23f4c2b8.jpg|Hermits on Holiday|32976.0|DRINKS|['Rock']|0.0|0.0|0.0|['Heavenly', 'Birth']|2015-08-21 00:00:00|2015|2016-06-11 16:07:07.520148|20759.0|http://pitchfork.com/reviews/albums/20759-hermits-on-holiday/|7.8|Laura Snapes
0|http://cdn.pitchfork.com/albums/22050/homepage_large.458ea51b.jpg|Desire Will Rot|26978.0|Fuck the Facts|['Metal']|0.0|0.0|0.0|['Noise Salvation']|2015-08-21 00:00:00|2015|2016-06-11 16:07:08.188384|20790.0|http://pitchfork.com/reviews/albums/20790-desire-will-rot/|8.0|Saby Reyes-Kulkarni
0|http://cdn2.pitchfork.com/albums/22235/homepage_large.a5f19464.jpg|Music for Dogs|29675.0|Gardens & Villa|['Rock']|0.0|0.0|0.0|['Secretly Canadian']|2015-08-21 00:00:00|2015|2016-06-11 16:07:09.011925|20969.0|http://pitchfork.com/reviews/albums/20969-music-for-dogs/|4.7|Zoe Camp
0|http://cdn3.pitchfork.com/albums/22201/homepage_large.91dfc738.jpg|The Expanding Flower Planet|27671.0|Deradoorian|['Rock']|0.0|0.0|0.0|['Anticon']|2015-08-20 00:00:00|2015|2016-06-11 16:07:09.524685|20939.0|http://pitchfork.com/reviews/albums/20939-the-expanding-flower-planet/|8.0|Philip Sherburne
0|http://cdn2.pitchfork.com/albums/22202/homepage_large.9bd00b9f.jpg|Grown Up, Fucked Up|29598.0|Reatards|['Rock']|0.0|0.0|1.0|['Goner']|2015-08-20 00:00:00|1999|2016-06-11 16:07:10.822507|20940.0|http://pitchfork.com/reviews/albums/20940-grown-up-fucked-up/|7.9|Evan Minsker
0|http://cdn.pitchfork.com/albums/22183/homepage_large.ec8fdae2.jpg|How the Spark Loves the Tinder|33103.0|Monk Parker|['Folk/Country']|0.0|0.0|0.0|['Bronze Rat']|2015-08-20 00:00:00|2015|2016-06-11 16:07:11.391620|20920.0|http://pitchfork.com/reviews/albums/20920-how-the-spark-loves-the-tinder/|7.7|Jonathan Zwickel
0|http://cdn2.pitchfork.com/albums/22206/homepage_large.4d4fa35b.jpg|Tales from the Land of Milk and Honey|1627.0|The Foreign Exchange|['Electronic']|0.0|0.0|0.0|['FE/Hard Boiled']|2015-08-20 00:00:00|2015|2016-06-11 16:07:11.984747|20945.0|http://pitchfork.com/reviews/albums/20945-tales-from-the-land-of-milk-and-honey/|7.4|Marcus J. Moore
0|http://cdn.pitchfork.com/albums/22064/homepage_large.2f2917e5.jpg|No Stairway|33053.0|Glassine|['Experimental']|0.0|0.0|0.0|['Patient Sounds']|2015-08-20 00:00:00|2015|2016-06-11 16:07:12.711107|20803.0|http://pitchfork.com/reviews/albums/20803-no-stairway/|7.2|Jayson Greene
0|http://cdn3.pitchfork.com/albums/22250/homepage_large.91be6bde.jpg|M3LL155X|30936.0|FKA twigs|['Pop/R&B', 'Electronic']|1.0|0.0|0.0|['Young Turks']|2015-08-19 00:00:00|2015|2016-06-11 16:07:13.334986|20985.0|http://pitchfork.com/reviews/albums/20985-m3ll155x/|8.6|Anupa Mistry
0|http://cdn2.pitchfork.com/albums/22189/homepage_large.f2c7995c.jpg|Trap-A-Velli Tre|30336.0|2 Chainz|['Rap']|0.0|0.0|0.0|['self-released']|2015-08-19 00:00:00|2015|2016-06-11 16:07:13.871926|20926.0|http://pitchfork.com/reviews/albums/20926-trap-a-velli-tre/|6.6|Sheldon Pearce
0|http://cdn2.pitchfork.com/albums/22158/homepage_large.2afc2307.jpg|Everybody’s Coming Down|1830.0|The Good Life|['Rock']|0.0|0.0|0.0|['Saddle Creek']|2015-08-19 00:00:00|2015|2016-06-11 16:07:14.800003|20897.0|http://pitchfork.com/reviews/albums/20897-everybodys-coming-down/|4.4|Ian Cohen
0|http://cdn.pitchfork.com/albums/22119/homepage_large.5fce3096.jpg|The Complete Recordings of Jackson C. Frank|32946.0|Jackson C. Frank|['Folk/Country']|0.0|0.0|0.0|['Ba Da Bing!']|2015-08-19 00:00:00|2015|2016-06-11 16:07:15.389809|20865.0|http://pitchfork.com/reviews/albums/20865-the-complete-recordings-of-jackson-c-frank/|8.0|Grayson Haver Currin
0|http://cdn.pitchfork.com/albums/22254/homepage_large.d9211fbc.jpg|The Pale Horse|33136.0|Ancient Warfare|['Rock']|0.0|0.0|0.0|['Alias']|2015-08-19 00:00:00|2015|2016-06-11 16:07:16.009778|20988.0|http://pitchfork.com/reviews/albums/20988-the-pale-horse/|7.3|Ned Raggett
0|http://cdn2.pitchfork.com/albums/21949/homepage_large.9c17ddf5.jpg|Depression Cherry|4957.0|Beach House|['Rock']|1.0|0.0|0.0|['Bella Union', 'Mistletone', 'Sub Pop']|2015-08-18 00:00:00|2015|2016-06-11 16:07:16.588548|20691.0|http://pitchfork.com/reviews/albums/20691-depression-cherry/|8.4|Jayson Greene
0|http://cdn.pitchfork.com/albums/22005/homepage_large.3ec14bfe.jpg|High|28185.0|Royal Headache|['Rock']|0.0|0.0|0.0|"[""What's Your Rupture?""]"|2015-08-18 00:00:00|2015|2016-06-11 16:07:17.444877|20746.0|http://pitchfork.com/reviews/albums/20746-high/|8.0|Evan Minsker
0|http://cdn2.pitchfork.com/albums/22106/homepage_large.1b6f8e32.jpg|Drought Season 3|29631.0|Berner|['Rap']|0.0|0.0|0.0|['The Artist', 'Bern One']|2015-08-18 00:00:00|2015|2016-06-11 16:07:18.003976|20844.0|http://pitchfork.com/reviews/albums/20844-drought-season-3/|7.3|David Drake
0|http://cdn2.pitchfork.com/albums/22149/homepage_large.19517594.jpg|Nephew in the Wild|30302.0|Advance Base|['Rock']|0.0|0.0|0.0|['Orindal']|2015-08-18 00:00:00|2015|2016-06-11 16:07:19.377084|20889.0|http://pitchfork.com/reviews/albums/20889-nephew-in-the-wild/|6.7|Mehan Jayasuriya
0|http://cdn2.pitchfork.com/albums/22173/homepage_large.8e4c194d.jpg|Hide Before Dinner|33097.0|F ingers|['Experimental']|0.0|0.0|0.0|['Blackest Ever Black']|2015-08-18 00:00:00|2015|2016-06-11 16:07:19.875968|20909.0|http://pitchfork.com/reviews/albums/20909-hide-before-dinner/|7.7|J. Edward Keyes
0|http://cdn2.pitchfork.com/albums/21939/homepage_large.1f4d0473.jpg|E•MO•TION|30955.0|Carly Rae Jepsen|['Pop/R&B']|0.0|0.0|0.0|['Interscope', 'School Boy']|2015-08-17 00:00:00|2015|2016-06-11 16:07:20.504226|20898.0|http://pitchfork.com/reviews/albums/20898-emotion/|7.4|Corban Goble
0|http://cdn2.pitchfork.com/albums/22203/homepage_large.520371bb.jpg|Transgressor|32121.0|Tunde Olaniran|['Rap']|0.0|0.0|0.0|['Quite Scientific']|2015-08-17 00:00:00|2015|2016-06-11 16:07:21.119666|20941.0|http://pitchfork.com/reviews/albums/20941-transgressor/|7.2|Jia Tolentino
0|http://cdn2.pitchfork.com/albums/22120/homepage_large.3d31fc14.jpg|Dry Food|31648.0|Palehound|['Rock']|0.0|0.0|0.0|['Exploding in Sound']|2015-08-17 00:00:00|2015|2016-06-11 16:07:21.731512|20869.0|http://pitchfork.com/reviews/albums/20869-dry-food/|8.0|Laura Snapes
0|http://cdn4.pitchfork.com/albums/22199/homepage_large.2a69d315.jpg|Today Is the Day That They Take Me Away |33114.0|Dave Cloud & The Gospel of Power|['Rock']|0.0|0.0|0.0|['Fire']|2015-08-17 00:00:00|2015|2016-06-11 16:07:22.473445|20937.0|http://pitchfork.com/reviews/albums/20937-today-is-the-day-that-they-take-me-away/|7.5|Stephen M. Deusner
0|http://cdn.pitchfork.com/albums/22133/homepage_large.c3ed5c08.jpg|Remember the Life Is Beautiful|31531.0|Gonno|['Electronic']|0.0|0.0|0.0|['Endless Flight']|2015-08-17 00:00:00|2015|2016-06-11 16:07:23.183839|20873.0|http://pitchfork.com/reviews/albums/20873-remember-the-life-is-beautiful/|7.6|Philip Sherburne
0|http://cdn4.pitchfork.com/albums/22132/homepage_large.02f739de.jpg|Orphaned Deejay Selek (2006-2008) EP|110.0|Aphex Twin|['Electronic']|0.0|0.0|0.0|['Warp']|2015-08-14 00:00:00|2015|2016-06-11 16:07:23.799796|20872.0|http://pitchfork.com/reviews/albums/20872-orphaned-deejay-selek-2006-2008-ep/|8.1|Philip Sherburne
0|http://cdn4.pitchfork.com/albums/22121/homepage_large.18224292.jpg|Neither/Neither|5189.0|The Black Dog|['Electronic']|0.0|0.0|0.0|['Dust Science']|2015-08-14 00:00:00|2015|2016-06-11 16:07:24.398077|20870.0|http://pitchfork.com/reviews/albums/20870-neitherneither/|6.2|Andy Beta
0|http://cdn.pitchfork.com/albums/22179/homepage_large.4043aa8a.jpg|Detroit's Son|5639.0|Guilty Simpson|['Rap']|0.0|0.0|0.0|['Stones Throw']|2015-08-14 00:00:00|2015|2016-06-11 16:07:24.968136|20915.0|http://pitchfork.com/reviews/albums/20915-detroits-son/|6.0|Marcus J. Moore
0|http://cdn2.pitchfork.com/albums/22180/homepage_large.b6656915.jpg|Bone Turquoise|33101.0|Stern|['Rock']|0.0|0.0|0.0|['New Atlantis']|2015-08-14 00:00:00|2015|2016-06-11 16:07:25.724723|20917.0|http://pitchfork.com/reviews/albums/20917-bone-turquoise/|6.7|Grayson Haver Currin
0|http://cdn2.pitchfork.com/albums/22147/homepage_large.5ff0f50c.jpg|Finesse the World|33090.0|RetcH|['Rap']|0.0|0.0|0.0|['self-released']|2015-08-14 00:00:00|2015|2016-06-11 16:07:26.375945|20887.0|http://pitchfork.com/reviews/albums/20887-finesse-the-world/|6.8|Sheldon Pearce
0|http://cdn.pitchfork.com/albums/22188/homepage_large.d810bc31.jpg|Bang 3|30357.0|Chief Keef|['Rap']|0.0|0.0|0.0|['self-released']|2015-08-13 00:00:00|2015|2016-06-11 16:07:27.511616|20925.0|http://pitchfork.com/reviews/albums/20925-bang-3/|7.1|Winston Cook-Wilson
0|http://cdn2.pitchfork.com/albums/22169/homepage_large.0f836290.jpg|Winter’s Diary 3|32024.0|Tink|['Rap']|0.0|0.0|0.0|['self-released']|2015-08-13 00:00:00|2015|2016-06-11 16:07:28.012376|20905.0|http://pitchfork.com/reviews/albums/20905-winters-diary-3/|7.2|Meaghan Garvey
0|http://cdn4.pitchfork.com/albums/22196/homepage_large.cb2c1445.jpg|Houston|2422.0|Mark Lanegan|['Rock']|0.0|0.0|0.0|['Ipecac']|2015-08-13 00:00:00|2015|2016-06-11 16:07:28.521094|20933.0|http://pitchfork.com/reviews/albums/20933-houston/|7.0|Stuart Berman
0|http://cdn2.pitchfork.com/albums/22186/homepage_large.f2affaf3.jpg|All Around Us|33105.0|Briana Marela|['Rock']|0.0|0.0|0.0|['Jagjaguwar']|2015-08-13 00:00:00|2015|2016-06-11 16:07:29.107125|20923.0|http://pitchfork.com/reviews/albums/20923-all-around-us/|5.8|Joel Oliphint
0|http://cdn4.pitchfork.com/albums/21963/homepage_large.d3a9cda3.jpg|Duskland|31656.0|Zachary Cale|['Folk/Country']|0.0|0.0|0.0|['No Quarter']|2015-08-13 00:00:00|2015|2016-06-11 16:07:29.674546|20705.0|http://pitchfork.com/reviews/albums/20705-duskland/|7.1|Jayson Greene
0|http://cdn.pitchfork.com/albums/22006/homepage_large.abc9902e.jpg|The Secret History, Vol. 1|3268.0|Pavement|['Rock']|0.0|0.0|0.0|['Matador']|2015-08-12 00:00:00|2015|2016-06-11 16:07:30.322258|20747.0|http://pitchfork.com/reviews/albums/20747-the-secret-history-vol-1/|7.0|Brandon Stosuy
0|http://cdn3.pitchfork.com/albums/22131/homepage_large.0c9f8510.jpg|American Drift|33085.0|Elysia Crampton|['Experimental']|0.0|0.0|0.0|['Blueberry']|2015-08-12 00:00:00|2015|2016-06-11 16:07:31.023748|20871.0|http://pitchfork.com/reviews/albums/20871-american-drift/|8.1|Philip Sherburne
0|http://cdn2.pitchfork.com/albums/22190/homepage_large.acdc8ca9.jpg|The Blackest Eye EP|31146.0|Aye Nako|['Rock']|0.0|0.0|0.0|['Don Giovanni']|2015-08-12 00:00:00|2015|2016-06-11 16:07:31.694515|20927.0|http://pitchfork.com/reviews/albums/20927-the-blackest-eye-ep/|7.8|Jes Skolnik
0|http://cdn2.pitchfork.com/albums/22181/homepage_large.52b64c88.jpg|Morning World|28854.0|Teen Daze|['Rock']|0.0|0.0|0.0|['Paper Bag']|2015-08-12 00:00:00|2015|2016-06-11 16:07:32.374411|20918.0|http://pitchfork.com/reviews/albums/20918-morning-world/|7.3|Andrew Ryce
0|http://cdn3.pitchfork.com/albums/21944/homepage_large.03562c1a.jpg|Raw, Vol. 1|31723.0|Azekel|['Electronic']|0.0|0.0|0.0|['Thunderlightning']|2015-08-12 00:00:00|2015|2016-06-11 16:07:33.027559|20686.0|http://pitchfork.com/reviews/albums/20686-raw-vol-1/|6.2|Molly Beauchemin
0|http://cdn3.pitchfork.com/albums/22197/homepage_large.8ef1a836.jpg|Compton|4817.0|Dr. Dre|['Rap']|1.0|0.0|0.0|['Interscope', 'Aftermath']|2015-08-11 00:00:00|2015|2016-06-11 16:07:33.608082|20935.0|http://pitchfork.com/reviews/albums/20935-compton/|8.8|Jay Balfour
0|http://cdn3.pitchfork.com/albums/22157/homepage_large.36fd7c3f.jpg|#AndSeeThatsTheThing EP|32502.0|Dej Loaf|['Rap']|0.0|0.0|0.0|['Columbia']|2015-08-11 00:00:00|2015|2016-06-11 16:07:34.054251|20896.0|http://pitchfork.com/reviews/albums/20896-andseethatsthething-ep/|7.4|David Turner
0|http://cdn2.pitchfork.com/albums/22172/homepage_large.2a458b5e.jpg|Faded Gloryville|33096.0|Lindi Ortega|['Folk/Country']|0.0|0.0|0.0|['Last Gang', 'Grand Tour']|2015-08-11 00:00:00|2015|2016-06-11 16:07:35.298775|20908.0|http://pitchfork.com/reviews/albums/20908-faded-gloryville/|7.0|Stephen M. Deusner
0|http://cdn4.pitchfork.com/albums/22155/homepage_large.ba3b6c06.jpg|You Disgust Me|29242.0|Gangrene|['Rock']|0.0|0.0|0.0|['Mass Appeal']|2015-08-11 00:00:00|2015|2016-06-11 16:07:35.969379|20894.0|http://pitchfork.com/reviews/albums/20894-you-disgust-me/|6.9|Mosi Reeves
0|http://cdn4.pitchfork.com/albums/22198/homepage_large.9b1c5fb3.jpg|Persuasion EP|28242.0|Blondes|['Electronic']|0.0|0.0|0.0|['Rvng Intl.']|2015-08-11 00:00:00|2015|2016-06-11 16:07:36.486609|20936.0|http://pitchfork.com/reviews/albums/20936-persuasion-ep/|7.3|Cameron Cook
0|http://cdn2.pitchfork.com/albums/22222/homepage_large.3b1cc08e.jpg|Free (Based Freestyles Mixtape)|28900.0|Lil B|['Rap']|0.0|0.0|0.0|['self-released']|2015-08-10 00:00:00|2015|2016-06-11 16:07:37.345885|20955.0|http://pitchfork.com/reviews/albums/20955-free-based-freestyles-mixtape/|7.7|Winston Cook-Wilson
0|http://cdn.pitchfork.com/albums/22026/homepage_large.fd0db5bd.jpg|Press Color|32703.0|Lizzy Mercier Descloux|['Pop/R&B']|0.0|1.0|1.0|['Light in the Attic']|2015-08-10 00:00:00|1979|2016-06-11 16:07:38.304658|20767.0|http://pitchfork.com/reviews/albums/20767-press-color/|8.2|Laura Snapes
0|http://cdn4.pitchfork.com/albums/22156/homepage_large.8433b1a3.jpg|Body Complex|30841.0|Heathered Pearls|['Electronic']|0.0|0.0|0.0|['Ghostly International']|2015-08-10 00:00:00|2015|2016-06-11 16:07:38.960080|20895.0|http://pitchfork.com/reviews/albums/20895-body-complex/|6.9|Philip Sherburne
0|http://cdn4.pitchfork.com/albums/22171/homepage_large.5175fd03.jpg|Woodstock Sessions, Vol. 4|4379.0|Team Sleep|['Metal']|0.0|0.0|0.0|['self-released']|2015-08-10 00:00:00|2015|2016-06-11 16:07:39.184480|20907.0|http://pitchfork.com/reviews/albums/20907-woodstock-sessions-vol-4/|6.0|Ian Cohen
0|http://cdn3.pitchfork.com/albums/22143/homepage_large.68eef558.jpg|Jessie Jones|33088.0|Jessie Jones|['Rock']|0.0|0.0|0.0|['Burger']|2015-08-10 00:00:00|2015|2016-06-11 16:07:39.872738|20883.0|http://pitchfork.com/reviews/albums/20883-jessie-jones/|6.9|Tess Duncan
0|http://cdn.pitchfork.com/albums/22139/homepage_large.81fe00c8.jpg|Abyss|29711.0|Chelsea Wolfe|['Rock']|0.0|0.0|0.0|['Sargent House']|2015-08-07 00:00:00|2015|2016-06-11 16:07:40.500769|20866.0|http://pitchfork.com/reviews/albums/20866-abyss/|8.1|Brandon Stosuy
0|http://cdn.pitchfork.com/albums/22213/homepage_large.c1c82a54.jpg|Lotus Collage|33115.0|Laraaji|['Experimental']|0.0|0.0|1.0|['Leaving']|2015-08-07 00:00:00|1978|2016-06-11 16:07:41.093828|20839.0|http://pitchfork.com/reviews/albums/20839-all-in-one-peace/|8.0|Mark Richardson
1|http://cdn3.pitchfork.com/albums/22214/homepage_large.267776c7.jpg|Unicorns In Paradise|33115.0|Laraaji|['Experimental']|0.0|0.0|1.0|['Leaving']|2015-08-07 00:00:00|1981|2016-06-11 16:07:41.093828|20839.0|http://pitchfork.com/reviews/albums/20839-all-in-one-peace/|7.3|Mark Richardson
2|http://cdn.pitchfork.com/albums/22215/homepage_large.b68d7e9e.jpg|Connecting With the Inner Healer Through Music|33115.0|Laraaji|['Experimental']|0.0|0.0|1.0|['Leaving']|2015-08-07 00:00:00|1983|2016-06-11 16:07:41.093828|20839.0|http://pitchfork.com/reviews/albums/20839-all-in-one-peace/|7.5|Mark Richardson
0|http://cdn3.pitchfork.com/albums/22170/homepage_large.847d84ad.jpg|Works for Tomorrow|1324.0|Eleventh Dream Day|['Rock']|0.0|0.0|0.0|['Thrill Jockey']|2015-08-07 00:00:00|2015|2016-06-11 16:07:41.665202|20906.0|http://pitchfork.com/reviews/albums/20906-works-for-tomorrow/|7.4|Paul Thompson
0|http://cdn4.pitchfork.com/albums/22113/homepage_large.e373d865.jpg|Colors of the Sun|33077.0|Hatchback|['Electronic']|0.0|0.0|0.0|['Be With']|2015-08-07 00:00:00|2015|2016-06-11 16:07:42.225765|20852.0|http://pitchfork.com/reviews/albums/20852-colors-of-the-sun/|7.3|Andy Beta
0|http://cdn2.pitchfork.com/albums/22182/homepage_large.bf468792.jpg|Public Domain 4|33102.0|Chris Crack|['Rap']|0.0|0.0|0.0|['self-released']|2015-08-07 00:00:00|2015|2016-06-11 16:07:43.841401|20919.0|http://pitchfork.com/reviews/albums/20919-public-domain-4/|7.2|Winston Cook-Wilson
0|http://cdn2.pitchfork.com/albums/22164/homepage_large.d9b7d58f.jpg|Love Is Free|3666.0|Robyn|['Pop/R&B', 'Electronic']|0.0|0.0|0.0|['Interscope', 'Konichiwa', 'Cherrytree']|2015-08-06 00:00:00|2015|2016-06-11 16:07:44.386754|20902.0|http://pitchfork.com/reviews/albums/20902-love-is-free/|7.2|Hazel Cills
0|http://cdn4.pitchfork.com/albums/22168/homepage_large.cf023163.jpg|Ygg Huur|26785.0|Krallice|['Metal']|0.0|0.0|0.0|['self-released']|2015-08-06 00:00:00|2015|2016-06-11 16:07:44.986585|20904.0|http://pitchfork.com/reviews/albums/20904-ygg-huur/|8.2|Grayson Haver Currin
0|http://cdn4.pitchfork.com/albums/22140/homepage_large.cf676314.jpg|Ivywild|30716.0|Night Beds|['Rock']|0.0|0.0|0.0|['Dead Oceans']|2015-08-06 00:00:00|2015|2016-06-11 16:07:45.731747|20867.0|http://pitchfork.com/reviews/albums/20867-night-beds-ivywild/|3.2|Ian Cohen
0|http://cdn.pitchfork.com/albums/22146/homepage_large.0d3d0c0b.jpg|Built In Sun|33089.0|Joe Plummer|['Rock']|0.0|0.0|0.0|['People In A Position To Know']|2015-08-06 00:00:00|2015|2016-06-11 16:07:46.309220|20886.0|http://pitchfork.com/reviews/albums/20886-built-in-sun/|6.0|Evan Rytlewski
0|http://cdn4.pitchfork.com/albums/22130/homepage_large.db789ef0.jpg|Love From Dust|23764.0|Donnacha Costello|['Electronic']|0.0|0.0|0.0|['self-released']|2015-08-06 00:00:00|2015|2016-06-11 16:07:46.873635|20868.0|http://pitchfork.com/reviews/albums/20868-love-from-dust/|7.6|Philip Sherburne
0|http://cdn3.pitchfork.com/albums/22166/homepage_large.a1e2f767.jpg|Regulate...G Funk Era Part II EP|29155.0|Warren G|['Rap']|0.0|0.0|0.0|['G Funk']|2015-08-05 00:00:00|2015|2016-06-11 16:07:47.334641|20901.0|http://pitchfork.com/reviews/albums/20901-warren-g-regulateg-funk-era-part-ii-ep/|7.4|Jay Balfour
0|http://cdn3.pitchfork.com/albums/22080/homepage_large.6848f261.jpg|Woman|6752.0|Jill Scott|['Rock']|0.0|0.0|0.0|['Atlantic']|2015-08-05 00:00:00|2015|2016-06-11 16:07:47.912896|20819.0|http://pitchfork.com/reviews/albums/20819-woman/|7.1|Safy-Hallan Farah
0|http://cdn2.pitchfork.com/albums/22144/homepage_large.4c04a425.jpg|10 Summers: The Mixtape Vol. 1|32441.0|DJ Mustard|['Rap']|0.0|0.0|0.0|['10 Summers']|2015-08-05 00:00:00|2015|2016-06-11 16:07:48.462310|20884.0|http://pitchfork.com/reviews/albums/20884-10-summers-the-mixtape-vol-1/|6.3|Meaghan Garvey
0|http://cdn3.pitchfork.com/albums/21998/homepage_large.8cdee790.jpg|Thank You for Stickin' With Twig|19363.0|Slim Twig|['Rock']|0.0|0.0|0.0|['DFA']|2015-08-05 00:00:00|2015|2016-06-11 16:07:48.948250|20740.0|http://pitchfork.com/reviews/albums/20740-thank-you-for-stickin-with-twig/|5.4|Laura Snapes
0|http://cdn4.pitchfork.com/albums/22114/homepage_large.41496928.jpg|RIP III|33078.0|Michael Stasis|['Rock']|0.0|0.0|0.0|['Arbutus']|2015-08-05 00:00:00|2015|2016-06-11 16:07:49.644972|20853.0|http://pitchfork.com/reviews/albums/20853-rip-iii/|7.3|Nathan Reese
0|http://cdn.pitchfork.com/albums/22128/homepage_large.eb62616b.jpg|Another One|30159.0|Mac DeMarco|['Rock']|0.0|0.0|0.0|['Captured Tracks']|2015-08-04 00:00:00|2015|2016-06-11 16:07:50.540909|20862.0|http://pitchfork.com/reviews/albums/20862-another-one/|7.3|Jeremy Gordon
0|http://cdn3.pitchfork.com/albums/22041/homepage_large.9fde4246.jpg|Weirdo Shrine|31079.0|La Luz|['Rock']|0.0|0.0|0.0|['Hardly Art']|2015-08-04 00:00:00|2015|2016-06-11 16:07:51.603537|20781.0|http://pitchfork.com/reviews/albums/20781-weirdo-shrine/|7.1|Lindsay Hood
0|http://cdn.pitchfork.com/albums/22129/homepage_large.2940ad8f.jpg|Holographic Violence|30911.0|Grave Babies|['Rock']|0.0|0.0|0.0|['Hardly Art']|2015-08-04 00:00:00|2015|2016-06-11 16:07:52.135187|20863.0|http://pitchfork.com/reviews/albums/20863-holographic-violence/|6.4|Cameron Cook
0|http://cdn.pitchfork.com/albums/22142/homepage_large.8b9d4094.jpg|Tha Truth |33087.0|Trae Tha Truth|['Rap']|0.0|0.0|0.0|['Grand Hustle']|2015-08-04 00:00:00|2015|2016-06-11 16:07:53.318291|20882.0|http://pitchfork.com/reviews/albums/20882-tha-truth/|6.7|Matthew Ramirez
0|http://cdn2.pitchfork.com/albums/22048/homepage_large.724c82ea.jpg|Into the Eye of Satan|33041.0|Deiphago|['Metal']|0.0|0.0|0.0|"[""Hell's Headbangers""]"|2015-08-04 00:00:00|2015|2016-06-11 16:07:53.978597|20788.0|http://pitchfork.com/reviews/albums/20788-into-the-eye-of-satan/|7.3|Andy O' Connor
0|http://cdn.pitchfork.com/albums/21962/homepage_large.eee74687.jpg|Death Magic|5523.0|HEALTH|['Rock']|0.0|0.0|0.0|['Loma Vista']|2015-08-03 00:00:00|2015|2016-06-11 16:07:54.600895|20861.0|http://pitchfork.com/reviews/albums/20861-death-magic/|7.8|T. Cole Rachel
0|http://cdn4.pitchfork.com/albums/22091/homepage_large.8b27b795.jpg|Bahdeni Nami|27844.0|Omar Souleyman|['Global']|0.0|0.0|0.0|['Monkeytown']|2015-08-03 00:00:00|2015|2016-06-11 16:07:55.248448|20830.0|http://pitchfork.com/reviews/albums/20830-bahdeni-nami/|6.2|Minna Zhou
0|http://cdn2.pitchfork.com/albums/22118/homepage_large.7930ab4c.jpg|Pearl Charles EP|33081.0|Pearl Charles|['Rock']|0.0|0.0|0.0|['Burger']|2015-08-03 00:00:00|2015|2016-06-11 16:07:55.787152|20864.0|http://pitchfork.com/reviews/albums/20864-pearl-charles-ep/|6.8|Tess Duncan
0|http://cdn4.pitchfork.com/albums/22101/homepage_large.52e96d09.jpg|Green Lanes|32654.0|Ultimate Painting|['Rock']|0.0|0.0|0.0|['Trouble in Mind']|2015-08-03 00:00:00|2015|2016-06-11 16:07:56.456297|20842.0|http://pitchfork.com/reviews/albums/20842-green-lanes/|7.4|Marc Masters
0|http://cdn3.pitchfork.com/albums/22054/homepage_large.438889d3.jpg|Fratello Mare|32328.0|Mike Cooper|['Experimental']|0.0|0.0|0.0|['Room40']|2015-08-03 00:00:00|2015|2016-06-11 16:07:57.157853|20793.0|http://pitchfork.com/reviews/albums/20793-fratello-mare/|6.9|Jayson Greene
0|http://cdn.pitchfork.com/albums/22105/homepage_large.2db9f289.jpg|Yung Rich Nation|31455.0|Migos|['Rap']|0.0|0.0|0.0|['Atlantic', 'Quality Control', '300 Entertainment']|2015-07-31 00:00:00|2015|2016-06-11 16:07:57.824222|20843.0|http://pitchfork.com/reviews/albums/20843-yung-rich-nation/|7.0|Craig Jenkins
0|http://cdn.pitchfork.com/albums/21959/homepage_large.328bd840.jpg|"L​.​P​.​1. aka ""14 Year Old High School PC​-​Fascist Hype Lords..."|33000.0|The Coneheads|['Rock']|0.0|0.0|0.0|['Erste Theke Tontraeger']|2015-07-31 00:00:00|2015|2016-06-11 16:07:58.465483|20701.0|http://pitchfork.com/reviews/albums/20701-lp1-aka-14-year-old-high-school-pc-fascist-hype-lords/|7.7|Jenn Pelly
0|http://cdn3.pitchfork.com/albums/22036/homepage_large.2784a36c.jpg|Rastafari: The Dreads Enter Babylon, 1955-83|0.0|Various Artists|[]|0.0|0.0|0.0|['Soul Jazz']|2015-07-31 00:00:00|2015|2016-06-11 16:07:59.265836|20777.0|http://pitchfork.com/reviews/albums/20777-rastafari-the-dreads-enter-babylon-1955-83/|7.5|Erin MacLeod
0|http://cdn4.pitchfork.com/albums/22065/homepage_large.7b4e51f5.jpg|Pain|33054.0|Deaf Wish|['Rock']|0.0|0.0|0.0|['Sub Pop']|2015-07-31 00:00:00|2015|2016-06-11 16:08:01.159802|20804.0|http://pitchfork.com/reviews/albums/20804-pain/|7.6|Corbin Reiff
0|http://cdn4.pitchfork.com/albums/21974/homepage_large.5fc7e5c8.jpg|Live at the 12 Bar|4970.0|Bert Jansch|['Folk/Country']|0.0|0.0|1.0|['Earth']|2015-07-31 00:00:00|1996|2016-06-11 16:08:01.676990|20716.0|http://pitchfork.com/reviews/albums/20716-live-at-the-12-bar/|7.7|Grayson Haver Currin
0|http://cdn4.pitchfork.com/albums/22096/homepage_large.2e56aa3c.jpg|Greatest Hits, Vol. 1|33070.0|Teenage Time Killers|['Rock']|0.0|0.0|0.0|['Rise']|2015-07-30 00:00:00|2015|2016-06-11 16:08:02.382099|20835.0|http://pitchfork.com/reviews/albums/20835-greatest-hits-vol-1/|4.0|Zoe Camp
0|http://cdn.pitchfork.com/albums/22068/homepage_large.30c0a111.jpg|Living Legend|29471.0|Gunplay|['Rap']|0.0|0.0|0.0|['Def Jam']|2015-07-30 00:00:00|2015|2016-06-11 16:08:03.068279|20807.0|http://pitchfork.com/reviews/albums/20807-living-legend/|6.5|David Drake
0|http://cdn4.pitchfork.com/albums/22109/homepage_large.4423b24b.jpg|You Never Show Your Love EP|31482.0|Jessy Lanza|['Electronic']|0.0|0.0|0.0|['Hyperdub']|2015-07-30 00:00:00|2015|2016-06-11 16:08:03.586547|20848.0|http://pitchfork.com/reviews/albums/20848-you-never-show-your-love-ep/|6.2|Maud Deitch
0|http://cdn4.pitchfork.com/albums/22111/homepage_large.859f845d.jpg|Sketches From An Island 3|33076.0|Mark Barrott|['Electronic']|0.0|0.0|0.0|['International Feel']|2015-07-30 00:00:00|2015|2016-06-11 16:08:04.029345|20849.0|http://pitchfork.com/reviews/albums/20849-sketches-from-an-island-3-bush-society/|6.9|Andy Beta
1|http://cdn.pitchfork.com/albums/22165/homepage_large.48e8f877.jpg|Bush Society|33076.0|Mark Barrott|['Electronic']|0.0|0.0|0.0|['International Feel']|2015-07-30 00:00:00|2015|2016-06-11 16:08:04.029345|20849.0|http://pitchfork.com/reviews/albums/20849-sketches-from-an-island-3-bush-society/|7.5|Andy Beta
0|http://cdn.pitchfork.com/albums/22127/homepage_large.3d9c0279.jpg|Explora EP|33084.0|Florian Kupfer|['Electronic']|0.0|0.0|0.0|['Technicolour']|2015-07-30 00:00:00|2015|2016-06-11 16:08:04.652311|20860.0|http://pitchfork.com/reviews/albums/20860-explora-ep/|6.5|Philip Sherburne
0|http://cdn2.pitchfork.com/albums/22108/homepage_large.e1a857e7.jpg|Momentary Masters|4961.0|Albert Hammond Jr.|['Rock']|0.0|0.0|0.0|['Vagrant']|2015-07-29 00:00:00|2015|2016-06-11 16:08:05.266494|20847.0|http://pitchfork.com/reviews/albums/20847-momentary-masters/|7.3|Stuart Berman
0|http://cdn4.pitchfork.com/albums/22162/homepage_large.91f2b7bd.jpg|Cascade / The Deluge|302.0|William Basinski|['Experimental']|0.0|0.0|0.0|['Temporary Residence']|2015-07-29 00:00:00|2015|2016-06-11 16:08:05.916239|20900.0|http://pitchfork.com/reviews/albums/20900-cascade-the-deluge/|7.4|Brian Howe
0|http://cdn3.pitchfork.com/albums/22063/homepage_large.9b3ac53a.jpg|Risveglio|33052.0|Alessandro Cortini|['Experimental']|0.0|0.0|0.0|['Hospital']|2015-07-29 00:00:00|2015|2016-06-11 16:08:06.395008|20802.0|http://pitchfork.com/reviews/albums/20802-risveglio/|7.2|Aaron Leitko
0|http://cdn.pitchfork.com/albums/22075/homepage_large.934f4439.jpg|as if to each other...|33061.0|R. Andrew Lee|['Experimental']|0.0|0.0|0.0|['Irritable Hedgehog']|2015-07-29 00:00:00|2015|2016-06-11 16:08:06.886460|20814.0|http://pitchfork.com/reviews/albums/20814-as-if-to-each-other/|7.4|Seth Colter Walls
0|http://cdn4.pitchfork.com/albums/22097/homepage_large.7440a8ed.jpg|Earth|33072.0|Sweet Cobra|['Rock']|0.0|0.0|0.0|['Magic Bullet']|2015-07-29 00:00:00|2015|2016-06-11 16:08:07.503886|20836.0|http://pitchfork.com/reviews/albums/20836-earth/|6.7|Zoe Camp
0|http://cdn.pitchfork.com/albums/21924/homepage_large.623e1dfc.jpg|Presence|2439.0|Led Zeppelin|['Rock']|0.0|0.0|1.0|['Atlantic', 'Swan Song']|2015-07-28 00:00:00|1976|2016-06-11 16:08:08.826612|20668.0|http://pitchfork.com/reviews/albums/20668-presence-in-through-the-out-door-coda/|7.6|Mark Richardson
1|http://cdn3.pitchfork.com/albums/21925/homepage_large.fddb1656.jpg|In Through the Out Door|2439.0|Led Zeppelin|['Rock']|0.0|0.0|1.0|['Atlantic', 'Swan Song']|2015-07-28 00:00:00|1979|2016-06-11 16:08:08.826612|20668.0|http://pitchfork.com/reviews/albums/20668-presence-in-through-the-out-door-coda/|8.0|Mark Richardson
2|http://cdn.pitchfork.com/albums/21926/homepage_large.6f6ebd19.jpg|Coda|2439.0|Led Zeppelin|['Rock']|0.0|0.0|1.0|['Atlantic', 'Swan Song']|2015-07-28 00:00:00|1982|2016-06-11 16:08:08.826612|20668.0|http://pitchfork.com/reviews/albums/20668-presence-in-through-the-out-door-coda/|7.3|Mark Richardson
0|http://cdn.pitchfork.com/albums/22058/homepage_large.ddba8780.jpg|Knockin' Boots|29346.0|Julio Bashmore|['Electronic']|0.0|0.0|0.0|['Broadwalk']|2015-07-28 00:00:00|2015|2016-06-11 16:08:09.328606|20797.0|http://pitchfork.com/reviews/albums/20797-knockin-boots/|8.0|Miles Raymer
0|http://cdn2.pitchfork.com/albums/22117/homepage_large.9dee3203.jpg|Blood|33079.0|Lianne La Havas|['Pop/R&B']|0.0|0.0|0.0|['Nonesuch']|2015-07-28 00:00:00|2015|2016-06-11 16:08:09.903629|20855.0|http://pitchfork.com/reviews/albums/20855-lianne-la-havas-blood/|7.7|Hannah Giorgis
0|http://cdn3.pitchfork.com/albums/22112/homepage_large.17d7818b.jpg|Momentary Lapse of Happily|32957.0|Adult Mom|['Rock']|0.0|0.0|0.0|['Tiny Engines']|2015-07-28 00:00:00|2015|2016-06-11 16:08:10.609052|20850.0|http://pitchfork.com/reviews/albums/20850-momentary-lapse-of-happily/|6.8|Sasha Geffen
0|http://cdn3.pitchfork.com/albums/22081/homepage_large.1204a034.jpg|King Heavy Metal|32728.0|Ricked Wicky|['Rock']|0.0|0.0|0.0|['Guided By Voices, Inc.']|2015-07-28 00:00:00|2015|2016-06-11 16:08:11.248500|20820.0|http://pitchfork.com/reviews/albums/20820-king-heavy-metal/|6.5|Paul Thompson
0|http://cdn4.pitchfork.com/albums/21960/homepage_large.3c501d64.jpg|The Most Lamentable Tragedy|5651.0|Titus Andronicus|['Rock']|0.0|0.0|0.0|['Merge']|2015-07-27 00:00:00|2015|2016-06-11 16:08:11.841272|20702.0|http://pitchfork.com/reviews/albums/20702-the-most-lamentable-tragedy/|8.1|Jeremy Gordon
0|http://cdn3.pitchfork.com/albums/22107/homepage_large.b090d3c3.jpg|Man Plans God Laughs|3411.0|Public Enemy|['Rap']|0.0|0.0|0.0|['Spitdigital']|2015-07-27 00:00:00|2015|2016-06-11 16:08:12.413910|20846.0|http://pitchfork.com/reviews/albums/20846-man-plans-god-laughs/|6.2|Sheldon Pearce
0|http://cdn.pitchfork.com/albums/21972/homepage_large.9f12c9a7.jpg|VII: Sturm und Drang|30184.0|Lamb of God|['Metal']|0.0|0.0|0.0|['Epic', 'Nuclear Blast']|2015-07-27 00:00:00|2015|2016-06-11 16:08:12.906838|20714.0|http://pitchfork.com/reviews/albums/20714-vii-sturm-und-drang/|7.8|Grayson Haver Currin
0|http://cdn4.pitchfork.com/albums/22088/homepage_large.9272b928.jpg|CASHINTHEBATHROOM EP|33064.0|ILLFIGHTYOU|['Rap']|0.0|0.0|0.0|['self-released']|2015-07-27 00:00:00|2015|2016-06-11 16:08:13.494238|20827.0|http://pitchfork.com/reviews/albums/20827-cashinthebathroom-ep/|7.1|Matthew Ramirez
0|http://cdn4.pitchfork.com/albums/22093/homepage_large.25f85c91.jpg|Practice What U Preach|29251.0|DJ Roc|['Electronic']|0.0|0.0|0.0|"[""Duck N' Cover""]"|2015-07-27 00:00:00|2015|2016-06-11 16:08:14.226302|20832.0|http://pitchfork.com/reviews/albums/20832-practice-what-u-preach/|7.5|Meaghan Garvey
0|http://cdn4.pitchfork.com/albums/22077/homepage_large.8ad6295d.jpg|Miles Davis at Newport 1955-1975: The Bootleg Series Vol. 4|1023.0|Miles Davis|['Jazz']|0.0|0.0|0.0|['Columbia', 'Legacy']|2015-07-24 00:00:00|2015|2016-06-11 16:08:15.146509|20816.0|http://pitchfork.com/reviews/albums/20816-miles-davis-at-newport-1955-1975-the-bootleg-series-vol-4/|8.0|Seth Colter Walls
0|http://cdn4.pitchfork.com/albums/22085/homepage_large.534069b2.jpg|How Does It Feel|30448.0|MS MR|['Electronic']|0.0|0.0|0.0|['Columbia']|2015-07-24 00:00:00|2015|2016-06-11 16:08:15.783174|20824.0|http://pitchfork.com/reviews/albums/20824-how-does-it-feel/|6.0|Jayson Greene
0|http://cdn4.pitchfork.com/albums/22024/homepage_large.eda4cb19.jpg|Y Dydd Olaf|32971.0|Gwenno|['Pop/R&B']|0.0|0.0|0.0|['Heavenly']|2015-07-24 00:00:00|2015|2016-06-11 16:08:17.271513|20765.0|http://pitchfork.com/reviews/albums/20765-y-dydd-olaf/|8.0|Laura Snapes
0|http://cdn4.pitchfork.com/albums/21996/homepage_large.2a53d0e7.jpg|Days|33018.0|Earthly|['Electronic']|0.0|0.0|0.0|['Noumenal Loom']|2015-07-24 00:00:00|2015|2016-06-11 16:08:17.978250|20738.0|http://pitchfork.com/reviews/albums/20738-days/|7.8|Patric Fallon
0|http://cdn2.pitchfork.com/albums/22082/homepage_large.f105a79f.jpg|Watkins Family Hour|33062.0|Watkins Family Hour|['Folk/Country']|0.0|0.0|0.0|['Thirty Tigers', 'Family Hour']|2015-07-24 00:00:00|2015|2016-06-11 16:08:18.810767|20821.0|http://pitchfork.com/reviews/albums/20821-watkins-family-hour/|7.4|Allison Hussey
0|http://cdn.pitchfork.com/albums/22099/homepage_large.f81f39b6.jpg|Star Wars|4596.0|Wilco|['Rock']|0.0|0.0|0.0|['dBpm']|2015-07-23 00:00:00|2015|2016-06-11 16:08:19.479811|20838.0|http://pitchfork.com/reviews/albums/20838-star-wars/|7.7|Ian Cohen
0|http://cdn2.pitchfork.com/albums/22078/homepage_large.df0c2a62.jpg|Time? Astonishing!|2324.0|Kool Keith|['Rap']|0.0|0.0|0.0|['Mello Music Group']|2015-07-23 00:00:00|2015|2016-06-11 16:08:20.144868|20817.0|http://pitchfork.com/reviews/albums/20817-time-astonishing/|6.8|Mosi Reeves
0|http://cdn2.pitchfork.com/albums/22016/homepage_large.e3446fb3.jpg|Radiance and Submission|9780.0|CFCF|['Electronic']|0.0|0.0|0.0|['Driftless']|2015-07-23 00:00:00|2015|2016-06-11 16:08:20.984368|20757.0|http://pitchfork.com/reviews/albums/20757-radiance-and-submission/|6.9|Clayton Purdom
0|http://cdn4.pitchfork.com/albums/22072/homepage_large.43d2e546.jpg|The Soul Is the Arena|33060.0|Mario Diaz de Leon|['Experimental']|0.0|0.0|0.0|['Denovali']|2015-07-23 00:00:00|2015|2016-06-11 16:08:21.787596|20811.0|http://pitchfork.com/reviews/albums/20811-the-soul-is-the-arena/|8.0|Seth Colter Walls
0|http://cdn3.pitchfork.com/albums/22083/homepage_large.9e2cbcac.jpg|Many Levels of Laughter|30681.0|J Fernandez|['Rock']|0.0|0.0|0.0|['Joyful Noise']|2015-07-23 00:00:00|2015|2016-06-11 16:08:22.379077|20822.0|http://pitchfork.com/reviews/albums/20822-many-levels-of-laughter/|6.5|Jazz Monroe
0|http://cdn3.pitchfork.com/albums/22071/homepage_large.3d56dd9d.jpg|Dirty Sprite 2|30068.0|Future|['Rap']|1.0|0.0|0.0|['Epic', 'Free Bandz']|2015-07-22 00:00:00|2015|2016-06-11 16:08:22.950445|20810.0|http://pitchfork.com/reviews/albums/20810-dirty-sprite-2/|8.4|Meaghan Garvey
0|http://cdn4.pitchfork.com/albums/21982/homepage_large.8d30d8c5.jpg|Infinite Dissolution|28801.0|Locrian|['Metal']|0.0|0.0|0.0|['Relapse']|2015-07-22 00:00:00|2015|2016-06-11 16:08:23.589033|20724.0|http://pitchfork.com/reviews/albums/20724-infinite-dissolution/|8.2|Grayson Haver Currin
0|http://cdn.pitchfork.com/albums/22066/homepage_large.6081e3ba.jpg|Stay Wild|32256.0|Tearjerker|['Rock']|0.0|0.0|0.0|['self-released']|2015-07-22 00:00:00|2015|2016-06-11 16:08:24.178065|20805.0|http://pitchfork.com/reviews/albums/20805-stay-wild/|6.5|Ian Cohen
0|http://cdn2.pitchfork.com/albums/22062/homepage_large.c4c370e0.jpg|Mable|33051.0|Spraynard|['Rock']|0.0|0.0|0.0|['Jade Tree']|2015-07-22 00:00:00|2015|2016-06-11 16:08:24.930856|20801.0|http://pitchfork.com/reviews/albums/20801-mable/|6.9|Zoe Camp
0|http://cdn2.pitchfork.com/albums/22067/homepage_large.0c6e9a12.jpg|Subjective Concepts|33058.0|Strange Wilds|['Rock']|0.0|0.0|0.0|['Sub Pop']|2015-07-22 00:00:00|2015|2016-06-11 16:08:26.435229|20806.0|http://pitchfork.com/reviews/albums/20806-subjective-concepts/|6.4|Corbin Reiff
0|http://cdn4.pitchfork.com/albums/22073/homepage_large.b3c06718.jpg|Live at the Fillmore East October 4th & 5th 1968|5239.0|Sly and the Family Stone|['Rock']|0.0|0.0|0.0|['Epic', 'Legacy']|2015-07-21 00:00:00|2015|2016-06-11 16:08:26.955731|20812.0|http://pitchfork.com/reviews/albums/20812-live-at-the-fillmore-east-october-4th-5th-1968/|7.9|Douglas Wolk
0|http://cdn4.pitchfork.com/albums/22025/homepage_large.d74e3834.jpg|Seraph|31699.0|Mas Ysa|['Rock']|0.0|0.0|0.0|['Downtown']|2015-07-21 00:00:00|2015|2016-06-11 16:08:27.660193|20766.0|http://pitchfork.com/reviews/albums/20766-seraph/|7.1|Ian Cohen
0|http://cdn2.pitchfork.com/albums/22074/homepage_large.7c841bb9.jpg|The Blade|10879.0|Ashley Monroe|['Rock']|0.0|0.0|0.0|['Warner Music Group']|2015-07-21 00:00:00|2015|2016-06-11 16:08:28.292979|20813.0|http://pitchfork.com/reviews/albums/20813-the-blade/|7.5|Stephen M. Deusner
0|http://cdn.pitchfork.com/albums/22055/homepage_large.eeda9002.jpg|White Reaper Does It Again|32232.0|White Reaper|['Rock']|0.0|0.0|0.0|['Polyvinyl']|2015-07-21 00:00:00|2015|2016-06-11 16:08:28.917282|20794.0|http://pitchfork.com/reviews/albums/20794-white-reaper-does-it-again/|6.8|Jason Heller
0|http://cdn3.pitchfork.com/albums/22053/homepage_large.bf7d7ff6.jpg|Snooty Garbagemen|32943.0|Snooty Garbagemen|['Rock']|0.0|0.0|0.0|['12XU']|2015-07-21 00:00:00|2015|2016-06-11 16:08:29.484388|20792.0|http://pitchfork.com/reviews/albums/20792-snooty-garbagemen/|7.5|Sam Lefebvre
0|http://cdn.pitchfork.com/albums/22060/homepage_large.88c05d11.jpg|No Life For Me|33071.0|Wavves X Cloud Nothings|['Rock']|0.0|0.0|0.0|['Ghost Ramp']|2015-07-20 00:00:00|2015|2016-06-11 16:08:30.028865|20799.0|http://pitchfork.com/reviews/albums/20799-no-life-for-me/|6.0|Ian Cohen
0|http://cdn4.pitchfork.com/albums/22079/homepage_large.b4cc3584.jpg|St. Catherine|27801.0|Ducktails|['Rock']|0.0|0.0|0.0|['Domino']|2015-07-20 00:00:00|2015|2016-06-11 16:08:30.138475|20818.0|http://pitchfork.com/reviews/albums/20818-st-catherine/|6.7|Zach Kelly
0|http://cdn3.pitchfork.com/albums/22061/homepage_large.5112a196.jpg|Lost Time|33050.0|Fox Millions Duo|['Experimental']|0.0|0.0|0.0|['Thrill Jockey']|2015-07-20 00:00:00|2015|2016-06-11 16:08:30.760184|20800.0|http://pitchfork.com/reviews/albums/20800-lost-time/|7.0|Grayson Haver Currin
0|http://cdn.pitchfork.com/albums/22059/homepage_large.9daba456.jpg|Psychic Reader|33049.0|Bad Bad Hats|['Rock']|0.0|0.0|0.0|['Afternoon']|2015-07-20 00:00:00|2015|2016-06-11 16:08:31.462178|20798.0|http://pitchfork.com/reviews/albums/20798-psychic-reader/|6.9|Tess Duncan
0|http://cdn2.pitchfork.com/albums/22070/homepage_large.363b23dd.jpg|Personal Sunlight|33059.0|SassyBlack|['Pop/R&B']|0.0|0.0|0.0|['self-released']|2015-07-20 00:00:00|2015|2016-06-11 16:08:31.943598|20809.0|http://pitchfork.com/reviews/albums/20809-personal-sunlight/|6.8|Nate Patrin
0|http://cdn4.pitchfork.com/albums/22008/homepage_large.1b6a67e3.jpg|Magnifique|3638.0|Ratatat|['Electronic']|0.0|0.0|0.0|['XL']|2015-07-16 00:00:00|2015|2016-06-11 16:08:32.608417|20749.0|http://pitchfork.com/reviews/albums/20749-magnifique/|5.0|Matthew Ramirez
0|http://cdn4.pitchfork.com/albums/22092/homepage_large.e8fd434e.jpg|Communion|33029.0|Years & Years|['Electronic']|0.0|0.0|0.0|['Interscope']|2015-07-16 00:00:00|2015|2016-06-11 16:08:34.248023|20831.0|http://pitchfork.com/reviews/albums/20831-communion/|7.4|Tim Finney
0|http://cdn2.pitchfork.com/albums/22035/homepage_large.c3ce7124.jpg|Talk From Home|30659.0|Suzanne Kraft|['Electronic']|0.0|0.0|0.0|['Melody As Truth']|2015-07-16 00:00:00|2015|2016-06-11 16:08:34.898098|20776.0|http://pitchfork.com/reviews/albums/20776-talk-from-home/|7.3|Andy Beta
0|http://cdn.pitchfork.com/albums/22015/homepage_large.2bc5d1df.jpg|Universes|32135.0|Seven Davis Jr.|['Electronic']|0.0|0.0|0.0|['Ninja Tune']|2015-07-16 00:00:00|2015|2016-06-11 16:08:35.509831|20756.0|http://pitchfork.com/reviews/albums/20756-universes/|7.6|Philip Sherburne
0|http://cdn3.pitchfork.com/albums/22004/homepage_large.8ff9d537.jpg|Cinco De Money|33020.0|Ty Money|['Rap']|0.0|0.0|0.0|['self-released']|2015-07-16 00:00:00|2015|2016-06-11 16:08:36.044077|20745.0|http://pitchfork.com/reviews/albums/20745-cinco-de-money/|7.8|David Drake
0|http://cdn2.pitchfork.com/albums/21979/homepage_large.d30e9d5e.jpg|Born in the Echoes|734.0|The Chemical Brothers|['Electronic']|0.0|0.0|0.0|['Astralwerks']|2015-07-15 00:00:00|2015|2016-06-11 16:08:36.646434|20721.0|http://pitchfork.com/reviews/albums/20721-born-in-the-echoes/|7.8|Ryan Dombal
0|http://cdn2.pitchfork.com/albums/21923/homepage_large.7aaf446e.jpg|Instrumentals 2015|1524.0|Flying Saucer Attack|['Rock']|0.0|0.0|0.0|['Drag City', 'Domino']|2015-07-15 00:00:00|2015|2016-06-11 16:08:37.261258|20667.0|http://pitchfork.com/reviews/albums/20667-instrumentals-2015/|6.8|Brandon Stosuy
0|http://cdn2.pitchfork.com/albums/21954/homepage_large.d856197e.jpg|Sing Into My Mouth|6993.0|Ben Bridwell|['Folk/Country']|0.0|0.0|0.0|['Brown', 'Black Cricket']|2015-07-15 00:00:00|2015|2016-06-11 16:08:37.876099|20697.0|http://pitchfork.com/reviews/albums/20697-sing-into-my-mouth/|5.2|Stephen M. Deusner
0|http://cdn2.pitchfork.com/albums/22087/homepage_large.b7b08e6b.jpg|LP|30923.0|Container|['Experimental']|0.0|0.0|0.0|['Spectrum Spools']|2015-07-15 00:00:00|2015|2016-06-11 16:08:38.468970|20826.0|http://pitchfork.com/reviews/albums/20826-lp/|7.5|Marc Masters
0|http://cdn3.pitchfork.com/albums/22034/homepage_large.f6d3556c.jpg|Heaven Is Earth|31958.0|Self Defense Family|['Rock']|0.0|0.0|0.0|['Deathwish']|2015-07-15 00:00:00|2015|2016-06-11 16:08:38.973246|20775.0|http://pitchfork.com/reviews/albums/20775-heaven-is-earth/|6.3|Ian Cohen
0|http://cdn3.pitchfork.com/albums/21904/homepage_large.144b2195.jpg|Something More Than Free|5343.0|Jason Isbell|['Rock']|0.0|0.0|0.0|['Southeastern']|2015-07-14 00:00:00|2015|2016-06-11 16:08:39.733280|20648.0|http://pitchfork.com/reviews/albums/20648-something-more-than-free/|5.8|Stephen M. Deusner
0|http://cdn.pitchfork.com/albums/22033/homepage_large.389d9fc6.jpg|Retarded Alligator Beats|30578.0|The Alchemist|['Rap']|0.0|0.0|0.0|['ALC']|2015-07-14 00:00:00|2015|2016-06-11 16:08:40.497167|20774.0|http://pitchfork.com/reviews/albums/20774-retarded-alligator-beats/|6.7|Nate Patrin
0|http://cdn4.pitchfork.com/albums/21976/homepage_large.e327c686.jpg|Whine of the Mystic|33004.0|Nap Eyes|['Rock']|0.0|0.0|0.0|['Paradise of Bachelors']|2015-07-14 00:00:00|2015|2016-06-11 16:08:41.379498|20718.0|http://pitchfork.com/reviews/albums/20718-whine-of-the-mystic/|7.0|Ian Cohen
0|http://cdn2.pitchfork.com/albums/22056/homepage_large.c73e8d50.jpg|Innocent Country|33045.0|Quelle Chris|['Rap']|0.0|0.0|0.0|['Mello Music Group']|2015-07-14 00:00:00|2015|2016-06-11 16:08:43.024689|20795.0|http://pitchfork.com/reviews/albums/20795-innocent-country/|6.9|Marcus J. Moore
0|http://cdn4.pitchfork.com/albums/22069/homepage_large.d144388c.jpg|The Life and Times of Raphael De La Ghettó|32690.0|Nadastrom|['Electronic']|0.0|0.0|0.0|['self-released']|2015-07-14 00:00:00|2015|2016-06-11 16:08:43.682312|20808.0|http://pitchfork.com/reviews/albums/20808-the-life-and-times-of-raphael-de-la-ghetto/|6.8|Jonah Bromwich
0|http://cdn4.pitchfork.com/albums/21842/homepage_large.04192b63.jpg|Currents|28673.0|Tame Impala|['Rock']|1.0|0.0|0.0|['Interscope']|2015-07-13 00:00:00|2015|2016-06-11 16:08:44.180149|20578.0|http://pitchfork.com/reviews/albums/20578-currents/|9.3|Ian Cohen
0|http://cdn.pitchfork.com/albums/22046/homepage_large.eb14938e.jpg|Ghost Notes|32173.0|Veruca Salt|['Rock']|0.0|0.0|0.0|['El Camino']|2015-07-13 00:00:00|2015|2016-06-11 16:08:44.746142|20786.0|http://pitchfork.com/reviews/albums/20786-ghost-notes/|7.0|Estelle Tang
0|http://cdn4.pitchfork.com/albums/22047/homepage_large.32106ab2.jpg|"Don't Just Sing | An Anthology: 1963-1999"|33040.0|Karin Krog|['Jazz']|0.0|0.0|0.0|['Light in the Attic']|2015-07-13 00:00:00|2015|2016-06-11 16:08:45.351438|20787.0|http://pitchfork.com/reviews/albums/20787-dont-just-sing-an-anthology-1963-1999/|8.0|Stephen M. Deusner
0|http://cdn4.pitchfork.com/albums/22031/homepage_large.c5bf4698.jpg|Summer Mirage EP|32238.0|Chester Watson|['Rap']|0.0|0.0|0.0|['self-released']|2015-07-13 00:00:00|2015|2016-06-11 16:08:46.197775|20772.0|http://pitchfork.com/reviews/albums/20772-chester-watson-summer-mirage-ep/|7.0|Matthew Strauss
0|http://cdn4.pitchfork.com/albums/21995/homepage_large.18e3017a.jpg|Negative Scanner|33017.0|Negative Scanner|['Rock']|0.0|0.0|0.0|['Trouble in Mind']|2015-07-13 00:00:00|2015|2016-06-11 16:08:46.795224|20736.0|http://pitchfork.com/reviews/albums/20736-negative-scanner/|7.1|Sam Lefebvre
0|http://cdn.pitchfork.com/albums/22001/homepage_large.1e729247.jpg|6613 EP|31089.0|DJ Rashad|['Electronic']|0.0|0.0|0.0|['Hyperdub']|2015-07-10 00:00:00|2015|2016-06-11 16:08:47.340533|20743.0|http://pitchfork.com/reviews/albums/20743-6613-ep/|7.3|Meaghan Garvey
0|http://cdn2.pitchfork.com/albums/22029/homepage_large.af08cc8b.jpg|Key Markets|32265.0|Sleaford Mods|['Rock']|0.0|0.0|0.0|['Harbinger Sound']|2015-07-10 00:00:00|2015|2016-06-11 16:08:47.917556|20770.0|http://pitchfork.com/reviews/albums/20770-key-markets/|7.5|Douglas Wolk
0|http://cdn2.pitchfork.com/albums/21909/homepage_large.ad93b850.jpg|Peacers|32966.0|Peacers|['Rock']|0.0|0.0|0.0|['Drag City']|2015-07-10 00:00:00|2015|2016-06-11 16:08:48.414399|20653.0|http://pitchfork.com/reviews/albums/20653-peacers/|6.8|Aaron Leitko
0|http://cdn4.pitchfork.com/albums/21970/homepage_large.051baa4b.jpg|Atheist's Cornea|4953.0|Envy|['Rock']|0.0|0.0|0.0|['Temporary Residence']|2015-07-10 00:00:00|2015|2016-06-11 16:08:49.016630|20712.0|http://pitchfork.com/reviews/albums/20712-atheists-cornea/|6.0|Ian Cohen
0|http://cdn3.pitchfork.com/albums/22013/homepage_large.14a0836a.jpg|The Conny Plank Session|14299.0|Duke Ellington|['Jazz']|0.0|0.0|0.0|['Grönland']|2015-07-10 00:00:00|2015|2016-06-11 16:08:49.567663|20754.0|http://pitchfork.com/reviews/albums/20754-the-conny-plank-session/|7.8|Ron Hart
0|http://cdn3.pitchfork.com/albums/22012/homepage_large.bfc15e27.jpg|Nina Revisited… A Tribute to Nina Simone|0.0|Various Artists|[]|0.0|0.0|0.0|['RCA']|2015-07-09 00:00:00|2015|2016-06-11 16:08:50.666436|20753.0|http://pitchfork.com/reviews/albums/20753-nina-revisited-a-tribute-to-nina-simone/|7.0|kris ex
0|http://cdn.pitchfork.com/albums/22057/homepage_large.36707d95.jpg|FWA|2616.0|Lil Wayne|['Rap']|0.0|0.0|0.0|['self-released']|2015-07-09 00:00:00|2015|2016-06-11 16:08:50.818597|20796.0|http://pitchfork.com/reviews/albums/20796-fwa/|5.5|Matthew Ramirez
0|http://cdn3.pitchfork.com/albums/22043/homepage_large.64f3a61a.jpg|Ego Death|29960.0|The Internet|['Pop/R&B']|0.0|0.0|0.0|['Odd Future']|2015-07-09 00:00:00|2015|2016-06-11 16:08:51.443933|20783.0|http://pitchfork.com/reviews/albums/20783-ego-death/|7.4|Craig Jenkins
0|http://cdn2.pitchfork.com/albums/22020/homepage_large.3d870313.jpg|All Is Illusory|4468.0|The Velvet Teen|['Rock']|0.0|0.0|0.0|['Topshelf']|2015-07-09 00:00:00|2015|2016-06-11 16:08:51.952199|20761.0|http://pitchfork.com/reviews/albums/20761-all-is-illusory/|6.9|Ian Cohen
0|http://cdn4.pitchfork.com/albums/21994/homepage_large.efe5d854.jpg|Cemetery Highrise Slum|33016.0|Creepoid|['Rock']|0.0|0.0|0.0|['Collect']|2015-07-09 00:00:00|2015|2016-06-11 16:08:52.707125|20735.0|http://pitchfork.com/reviews/albums/20735-cemetery-highrise-slum/|5.0|Zoe Camp
0|http://cdn2.pitchfork.com/albums/22052/homepage_large.0361d785.jpg|Pomegranates|29422.0|Nicolas Jaar|['Electronic']|0.0|0.0|0.0|['Other People']|2015-07-08 00:00:00|2015|2016-06-11 16:08:53.294169|20791.0|http://pitchfork.com/reviews/albums/20791-pomegranates/|7.6|Mark Richardson
0|http://cdn3.pitchfork.com/albums/22039/homepage_large.cc97265c.jpg|Make It Happen / Holiday|5358.0|The Tough Alliance|['Electronic']|0.0|0.0|1.0|['Sincerely Yours', 'Luxury']|2015-07-08 00:00:00|2004|2016-06-11 16:08:53.864860|20779.0|http://pitchfork.com/reviews/albums/20779-make-it-happen-holiday/|6.9|Cameron Cook
0|http://cdn4.pitchfork.com/albums/22021/homepage_large.c8ff9dd3.jpg|Lucky 7|27104.0|Statik Selektah|['Rap']|0.0|0.0|0.0|['Duckdown', 'Showoff']|2015-07-08 00:00:00|2015|2016-06-11 16:08:54.412528|20762.0|http://pitchfork.com/reviews/albums/20762-lucky-7/|5.0|Jay Balfour
0|http://cdn.pitchfork.com/albums/22010/homepage_large.054fe9e2.jpg|Houston 3 AM|32391.0|BeatKing|['Rap']|0.0|0.0|0.0|['self-released']|2015-07-08 00:00:00|2015|2016-06-11 16:08:54.999576|20751.0|http://pitchfork.com/reviews/albums/20751-houston-3-am/|7.0|Meaghan Garvey
0|http://cdn4.pitchfork.com/albums/21964/homepage_large.50bd75e2.jpg|The Wild Animals in My Life|32860.0|Flesh World|['Rock']|0.0|0.0|0.0|['Iron Lung']|2015-07-08 00:00:00|2015|2016-06-11 16:08:55.643065|20707.0|http://pitchfork.com/reviews/albums/20707-the-wild-animals-in-my-life/|7.7|Jenn Pelly
0|http://cdn.pitchfork.com/albums/21980/homepage_large.4c752127.jpg|Twelve Reasons to Die II|31167.0|Ghostface Killah & Adrian Younge|['Rap']|0.0|0.0|0.0|['Linear Labs']|2015-07-07 00:00:00|2015|2016-06-11 16:08:56.409844|20722.0|http://pitchfork.com/reviews/albums/20722-twelve-reasons-to-die-ii/|7.2|Sheldon Pearce
0|http://cdn3.pitchfork.com/albums/22042/homepage_large.8719a857.jpg|Fingers, Bank Pads & Shoe Prints|33038.0|RP Boo|['Electronic']|0.0|0.0|0.0|['Planet Mu']|2015-07-07 00:00:00|2015|2016-06-11 16:08:57.035100|20782.0|http://pitchfork.com/reviews/albums/20782-rp-boo-fingers-bank-pads-shoe-prints/|8.0|Andrew Gaerig
0|http://cdn3.pitchfork.com/albums/21989/homepage_large.2d5ccbe8.jpg|Sonic Praise|33010.0|Ecstatic Vision|['Rock']|0.0|0.0|0.0|['Relapse']|2015-07-07 00:00:00|2015|2016-06-11 16:08:58.826498|20731.0|http://pitchfork.com/reviews/albums/20731-sonic-praise/|7.6|Grayson Haver Currin
0|http://cdn3.pitchfork.com/albums/22032/homepage_large.15e7c082.jpg|Perpetual Motion People|33035.0|Ezra Furman|['Rock']|0.0|0.0|0.0|['Bella Union']|2015-07-07 00:00:00|2015|2016-06-11 16:08:59.652792|20773.0|http://pitchfork.com/reviews/albums/20773-perpetual-motion-people/|6.9|Sasha Geffen
0|http://cdn3.pitchfork.com/albums/22014/homepage_large.d5cf4a93.jpg|Pattern of Excel|31813.0|Lee Bannon|['Electronic']|0.0|0.0|0.0|['Ninja Tune']|2015-07-07 00:00:00|2015|2016-06-11 16:09:00.214259|20755.0|http://pitchfork.com/reviews/albums/20755-pattern-of-excel/|6.6|Philip Sherburne
0|http://cdn2.pitchfork.com/albums/21987/homepage_large.dc2957da.jpg|Morning/Evening|1547.0|Four Tet|['Electronic']|0.0|0.0|0.0|['Text']|2015-07-06 00:00:00|2015|2016-06-11 16:09:00.959689|20729.0|http://pitchfork.com/reviews/albums/20729-morningevening/|7.7|Andy Beta
0|http://cdn2.pitchfork.com/albums/22037/homepage_large.38819a43.jpg|Dreams Worth More Than Money|30022.0|Meek Mill|['Rap']|0.0|0.0|0.0|['Atlantic', 'Maybach']|2015-07-06 00:00:00|2015|2016-06-11 16:09:01.497108|20778.0|http://pitchfork.com/reviews/albums/20778-dreams-worth-more-than-money/|7.4|Matthew Ramirez
0|http://cdn2.pitchfork.com/albums/22011/homepage_large.2d9e337b.jpg|Homesick|31511.0|Matrixxman|['Electronic']|0.0|0.0|0.0|['Ghostly International']|2015-07-06 00:00:00|2015|2016-06-11 16:09:02.027249|20752.0|http://pitchfork.com/reviews/albums/20752-homesick/|7.2|Philip Sherburne
0|http://cdn3.pitchfork.com/albums/22000/homepage_large.e39b3a02.jpg|Glider|33019.0|Heather Woods Broderick|['Rock']|0.0|0.0|0.0|['Western Vinyl']|2015-07-06 00:00:00|2015|2016-06-11 16:09:02.542031|20742.0|http://pitchfork.com/reviews/albums/20742-glider/|6.6|Hazel Cills
0|http://cdn.pitchfork.com/albums/21968/homepage_large.a234b19c.jpg|Mercy|28560.0|Active Child|['Rock']|0.0|0.0|0.0|['Vagrant']|2015-07-06 00:00:00|2015|2016-06-11 16:09:03.130168|20710.0|http://pitchfork.com/reviews/albums/20710-mercy/|6.4|B. David Zarley
0|http://cdn4.pitchfork.com/albums/21986/homepage_large.689223b5.jpg|Wildheart|30392.0|Miguel|['Pop/R&B']|1.0|0.0|0.0|['RCA', 'Bystorm']|2015-07-01 00:00:00|2015|2016-06-11 16:09:03.690647|20728.0|http://pitchfork.com/reviews/albums/20728-wildheart/|8.9|Anupa Mistry
0|http://cdn.pitchfork.com/albums/22028/homepage_large.13dcd4d8.jpg|Lemurian|29381.0|Lone|['Electronic']|0.0|0.0|1.0|['R&S', 'Magic Wire Recordings']|2015-07-01 00:00:00|2008|2016-06-11 16:09:03.867749|20769.0|http://pitchfork.com/reviews/albums/20769-lemurian/|7.5|Philip Sherburne
0|http://cdn2.pitchfork.com/albums/21993/homepage_large.7f043a79.jpg|Movies EP|28126.0|Class Actress|['Pop/R&B']|0.0|0.0|0.0|['Casablanca', 'Republic']|2015-07-01 00:00:00|2015|2016-06-11 16:09:04.474758|20734.0|http://pitchfork.com/reviews/albums/20734-movies-ep/|6.0|Katherine St. Asaph
0|http://cdn4.pitchfork.com/albums/22040/homepage_large.c247784f.jpg|The Gold Album: 18th Dynasty|29472.0|Tyga|['Rap']|0.0|0.0|0.0|['Last Kings']|2015-07-01 00:00:00|2015|2016-06-11 16:09:04.913103|20780.0|http://pitchfork.com/reviews/albums/20780-the-gold-album-18th-dynasty/|3.9|Meaghan Garvey
0|http://cdn4.pitchfork.com/albums/21950/homepage_large.6bac1855.jpg|The Heart Is a Monster|25023.0|Failure|['Rock']|0.0|0.0|0.0|['INresidence']|2015-07-01 00:00:00|2015|2016-06-11 16:09:06.207559|20692.0|http://pitchfork.com/reviews/albums/20692-the-heart-is-a-monster/|7.8|Saby Reyes-Kulkarni
0|http://cdn2.pitchfork.com/albums/21899/homepage_large.8177d2bd.jpg|The Monsanto Years|4693.0|Neil Young|['Rock']|0.0|0.0|0.0|['Reprise']|2015-06-30 00:00:00|2015|2016-06-11 16:09:06.812813|20643.0|http://pitchfork.com/reviews/albums/20643-the-monsanto-years/|5.2|Stuart Berman
0|http://cdn4.pitchfork.com/albums/21967/homepage_large.e5db5189.jpg|Moonbuilding 2703 AD|3169.0|The Orb|['Electronic']|0.0|0.0|0.0|['Kompakt']|2015-06-30 00:00:00|2015|2016-06-11 16:09:07.464557|20709.0|http://pitchfork.com/reviews/albums/20709-moonbuilding-2703-ad/|6.7|Andy Beta
0|http://cdn4.pitchfork.com/albums/21938/homepage_large.cb7c158f.jpg|My Love Is Cool|32987.0|Wolf Alice|['Rock']|0.0|0.0|0.0|['RCA', 'Dirty Hit']|2015-06-30 00:00:00|2015|2016-06-11 16:09:08.081721|20680.0|http://pitchfork.com/reviews/albums/20680-my-love-is-cool/|7.4|Laura Snapes
0|http://cdn3.pitchfork.com/albums/22027/homepage_large.40f9cd4d.jpg|The Reach|33034.0|Boogie|['Rap']|0.0|0.0|0.0|['self-released']|2015-06-30 00:00:00|2015|2016-06-11 16:09:08.779198|20768.0|http://pitchfork.com/reviews/albums/20768-the-reach/|7.2|Jayson Greene
0|http://cdn.pitchfork.com/albums/22009/homepage_large.0e891087.jpg|X|31397.0|Lucki Eck$|['Rap']|0.0|0.0|0.0|['self-released']|2015-06-30 00:00:00|2015|2016-06-11 16:09:09.281161|20750.0|http://pitchfork.com/reviews/albums/20750-x/|7.5|Winston Cook-Wilson
0|http://cdn3.pitchfork.com/albums/21977/homepage_large.97efc203.jpg|Summertime '06|32145.0|Vince Staples|['Rap']|1.0|0.0|0.0|['Def Jam']|2015-06-29 00:00:00|2015|2016-06-11 16:09:09.840814|20719.0|http://pitchfork.com/reviews/albums/20719-summertime-06/|8.8|Jayson Greene
0|http://cdn3.pitchfork.com/albums/21903/homepage_large.7241c87c.jpg|In Another Life|29167.0|Bilal|['Rock']|0.0|0.0|0.0|['eOne Music', 'Purpose']|2015-06-29 00:00:00|2015|2016-06-11 16:09:10.491394|20647.0|http://pitchfork.com/reviews/albums/20647-in-another-life/|7.2|Marcus J. Moore
0|http://cdn.pitchfork.com/albums/21992/homepage_large.8cd98a42.jpg|O∆|33015.0|London O'Connor|['Rap']|0.0|0.0|0.0|['self-released']|2015-06-29 00:00:00|2015|2016-06-11 16:09:10.967481|20733.0|http://pitchfork.com/reviews/albums/20733-london-oconnor-o/|7.8|Miles Raymer
0|http://cdn2.pitchfork.com/albums/21981/homepage_large.11cc225f.jpg|One Earth, One People, One Love: Kronos Plays Terry Riley|6375.0|Kronos Quartet|['Experimental']|0.0|0.0|0.0|['Nonesuch']|2015-06-29 00:00:00|2015|2016-06-11 16:09:11.499357|20723.0|http://pitchfork.com/reviews/albums/20723-one-earth-one-people-one-love-kronos-plays-terry-riley/|8.4|Seth Colter Walls
0|http://cdn.pitchfork.com/albums/21866/homepage_large.12cfa34d.jpg|Bleeder|32938.0|Mutoid Man|['Metal']|0.0|0.0|0.0|['Sargent House']|2015-06-29 00:00:00|2015|2016-06-11 16:09:11.981955|20608.0|http://pitchfork.com/reviews/albums/20608-bleeder/|7.4|Jason Heller
0|http://cdn2.pitchfork.com/albums/22019/homepage_large.fa076f40.jpg|The Beyond / Where the Giants Roam|29695.0|Thundercat|['Electronic']|1.0|0.0|0.0|['Brainfeeder']|2015-06-26 00:00:00|2015|2016-06-11 16:09:12.694360|20760.0|http://pitchfork.com/reviews/albums/20760-the-beyond-where-the-giants-roam/|8.3|Seth Colter Walls
0|http://cdn2.pitchfork.com/albums/21948/homepage_large.204b9ebb.jpg|808s and Dark Grapes III|29865.0|Main Attrakionz|['Rap']|0.0|0.0|0.0|['Vapor']|2015-06-26 00:00:00|2015|2016-06-11 16:09:14.104193|20690.0|http://pitchfork.com/reviews/albums/20690-808s-and-dark-grapes-iii/|7.4|Meaghan Garvey
0|http://cdn2.pitchfork.com/albums/21999/homepage_large.20e888e4.jpg|Hanging Out the Birds EP|29870.0|Blawan|['Electronic']|0.0|0.0|0.0|['TERNESC']|2015-06-26 00:00:00|2015|2016-06-11 16:09:14.795855|20741.0|http://pitchfork.com/reviews/albums/20741-hanging-out-the-birds-ep/|7.3|Philip Sherburne
0|http://cdn3.pitchfork.com/albums/21711/homepage_large.d941fede.jpg|Get to Heaven|29041.0|Everything Everything|['Rock', 'Pop/R&B', 'Electronic']|0.0|0.0|0.0|['RCA']|2015-06-26 00:00:00|2015|2016-06-11 16:09:15.614597|20443.0|http://pitchfork.com/reviews/albums/20443-get-to-heaven/|7.2|Laura Snapes
0|http://cdn4.pitchfork.com/albums/21947/homepage_large.ceacff15.jpg|Untitled|32991.0|The Armed|['Rock']|0.0|0.0|0.0|['No Rest Until Ruin']|2015-06-26 00:00:00|2015|2016-06-11 16:09:16.191878|20689.0|http://pitchfork.com/reviews/albums/20689-untitled/|6.8|Ian Cohen
0|http://cdn3.pitchfork.com/albums/21984/homepage_large.11fed964.jpg|Freedom|3552.0|Refused|['Rock']|0.0|0.0|0.0|['Epitaph']|2015-06-25 00:00:00|2015|2016-06-11 16:09:16.718544|20726.0|http://pitchfork.com/reviews/albums/20726-freedom/|5.4|Zoe Camp
0|http://cdn2.pitchfork.com/albums/21752/homepage_large.b713e292.jpg|Feels Like|32597.0|Bully|['Rock']|0.0|0.0|0.0|['Columbia', 'StarTime']|2015-06-25 00:00:00|2015|2016-06-11 16:09:17.497426|20484.0|http://pitchfork.com/reviews/albums/20484-bully-feels-like/|7.8|Laura Snapes
0|http://cdn4.pitchfork.com/albums/21838/homepage_large.e49a1077.jpg|PeteStrumentals 2|3631.0|Pete Rock|['Rap']|0.0|0.0|0.0|['Mello Music Group']|2015-06-25 00:00:00|2015|2016-06-11 16:09:18.177323|20574.0|http://pitchfork.com/reviews/albums/20574-petestrumentals-2/|7.0|Nate Patrin
0|http://cdn2.pitchfork.com/albums/21916/homepage_large.71e2eea5.jpg|How Far Will You Go?: The S&M; Recordings, 1973-81|32970.0|Smokey|['Rock']|0.0|0.0|0.0|['Chapter']|2015-06-25 00:00:00|2015|2016-06-11 16:09:18.818808|20660.0|http://pitchfork.com/reviews/albums/20660-how-far-will-you-go-the-sm-recordings-1973-81/|7.5|Eric Torres
0|http://cdn4.pitchfork.com/albums/21908/homepage_large.ca6d31b9.jpg|High Risk|1198.0|Dave Douglas|['Jazz', 'Experimental']|0.0|0.0|0.0|['Greenleaf']|2015-06-25 00:00:00|2015|2016-06-11 16:09:19.425876|20652.0|http://pitchfork.com/reviews/albums/20652-high-risk/|7.6|Aaron Leitko
0|http://cdn3.pitchfork.com/albums/21983/homepage_large.54bdf139.jpg|Coming Home|33008.0|Leon Bridges|['Pop/R&B']|0.0|0.0|0.0|['Columbia']|2015-06-24 00:00:00|2015|2016-06-11 16:09:19.961135|20725.0|http://pitchfork.com/reviews/albums/20725-coming-home/|7.0|Ernest Wilkins
0|http://cdn2.pitchfork.com/albums/21937/homepage_large.06da20a9.jpg|Pageant Material|32337.0|Kacey Musgraves|['Folk/Country']|0.0|0.0|0.0|['Mercury Nashville']|2015-06-24 00:00:00|2015|2016-06-11 16:09:20.536809|20679.0|http://pitchfork.com/reviews/albums/20679-pageant-material/|8.0|Jessica Hopper
0|http://cdn2.pitchfork.com/albums/21940/homepage_large.ed2925bf.jpg|Still|4221.0|Richard Thompson|['Folk/Country']|0.0|0.0|0.0|['Fantasy']|2015-06-24 00:00:00|2015|2016-06-11 16:09:21.311422|20682.0|http://pitchfork.com/reviews/albums/20682-still/|7.5|Jes Skolnik
0|http://cdn.pitchfork.com/albums/21946/homepage_large.ec3d30a1.jpg|Pale Horses|32990.0|mewithoutYou|['Rock']|0.0|0.0|0.0|['Run for Cover']|2015-06-24 00:00:00|2015|2016-06-11 16:09:22.816739|20688.0|http://pitchfork.com/reviews/albums/20688-pale-horses/|7.2|Brad Nelson
0|http://cdn.pitchfork.com/albums/21973/homepage_large.4abf7b3e.jpg|Hardy & the Hardknocks: Drownin on a Mountaintop|33002.0|T. Hardy Morris|['Rock']|0.0|0.0|0.0|['Dangerbird']|2015-06-24 00:00:00|2015|2016-06-11 16:09:23.847330|20715.0|http://pitchfork.com/reviews/albums/20715-hardy-the-hardknocks-drownin-on-a-mountaintop/|6.0|Evan Rytlewski
0|http://cdn3.pitchfork.com/albums/21776/homepage_large.e0351e3d.jpg|A Lot of Sorrow|3006.0|The National|['Rock']|0.0|0.0|0.0|['4AD']|2015-06-23 00:00:00|2015|2016-06-11 16:09:24.438286|20511.0|http://pitchfork.com/reviews/albums/20511-a-lot-of-sorrow/|7.2|Laura Snapes
0|http://cdn3.pitchfork.com/albums/21945/homepage_large.14ff1a0c.jpg|Bones|5641.0|Son Lux|['Rap']|0.0|0.0|0.0|['Glassnote']|2015-06-23 00:00:00|2015|2016-06-11 16:09:25.268880|20687.0|http://pitchfork.com/reviews/albums/20687-bones/|7.2|Joel Oliphint
0|http://cdn3.pitchfork.com/albums/21975/homepage_large.67e7726f.jpg|Grand Romantic|33003.0|Nate Ruess|['Pop/R&B']|0.0|0.0|0.0|['Fueled by Ramen']|2015-06-23 00:00:00|2015|2016-06-11 16:09:25.761321|20717.0|http://pitchfork.com/reviews/albums/20717-grand-romantic/|5.5|Jeremy Gordon
0|http://cdn2.pitchfork.com/albums/21969/homepage_large.576d5412.jpg|Joy, Departed|33001.0|Sorority Noise|['Rock']|0.0|0.0|0.0|['Topshelf']|2015-06-23 00:00:00|2015|2016-06-11 16:09:25.929222|20711.0|http://pitchfork.com/reviews/albums/20711-joy-departed/|7.3|Ian Cohen
0|http://cdn3.pitchfork.com/albums/21918/homepage_large.4d7c4e3f.jpg|Amanecer|32974.0|Bomba Estéreo|['Global']|0.0|0.0|0.0|['Sony']|2015-06-23 00:00:00|2015|2016-06-11 16:09:26.530864|20662.0|http://pitchfork.com/reviews/albums/20662-amanecer/|6.8|Minna Zhou
0|http://cdn.pitchfork.com/albums/21978/homepage_large.56b9ba23.jpg|Payola|1066.0|Desaparecidos|['Rock']|0.0|0.0|0.0|['Epitaph']|2015-06-22 00:00:00|2015|2016-06-11 16:09:27.395380|20720.0|http://pitchfork.com/reviews/albums/20720-payola/|7.6|Ian Cohen
0|http://cdn.pitchfork.com/albums/22007/homepage_large.e8d15370.jpg|Gazebo Effect|33030.0|"S. Araw ""Trio"" XI"|['Experimental']|0.0|0.0|0.0|['Drag City']|2015-06-22 00:00:00|2015|2016-06-11 16:09:28.120011|20748.0|http://pitchfork.com/reviews/albums/20748-gazebo-effect/|7.5|Jayson Greene
0|http://cdn3.pitchfork.com/albums/21902/homepage_large.60489f9a.jpg|Hunch Music|32962.0|Hunee|['Electronic']|0.0|0.0|0.0|['Rush Hour']|2015-06-22 00:00:00|2015|2016-06-11 16:09:28.687348|20646.0|http://pitchfork.com/reviews/albums/20646-hunch-music/|7.4|Philip Sherburne
0|http://cdn.pitchfork.com/albums/21936/homepage_large.5a104e65.jpg|Tomorrow Will Be Beautiful|32986.0|Flo Morrissey|['Pop/R&B']|0.0|0.0|0.0|['Glassnote']|2015-06-22 00:00:00|2015|2016-06-11 16:09:29.161540|20678.0|http://pitchfork.com/reviews/albums/20678-tomorrow-will-be-beautiful/|6.2|Laura Snapes
0|http://cdn2.pitchfork.com/albums/21943/homepage_large.fa9ef4da.jpg|asdfasdf|32989.0|Katie Dey|['Electronic']|0.0|0.0|0.0|['Orchid Tapes']|2015-06-22 00:00:00|2015|2016-06-11 16:09:29.753994|20685.0|http://pitchfork.com/reviews/albums/20685-katie-dey-asdfasdf/|7.0|Sasha Geffen
0|http://cdn.pitchfork.com/albums/21751/homepage_large.1ed0b3bd.jpg|Sticky Fingers|8275.0|The Rolling Stones|['Rock']|0.0|1.0|1.0|['Rolling Stones']|2015-06-19 00:00:00|1971|2016-06-11 16:09:31.244814|20483.0|http://pitchfork.com/reviews/albums/20483-sticky-fingers/|10.0|Mark Richardson
0|http://cdn.pitchfork.com/albums/21929/homepage_large.67a2570a.jpg|Victoria OST|28863.0|Nils Frahm|['Experimental']|0.0|0.0|0.0|['Erased Tapes']|2015-06-19 00:00:00|2015|2016-06-11 16:09:31.922679|20671.0|http://pitchfork.com/reviews/albums/20671-victoria-ost/|7.2|Jayson Greene
0|http://cdn2.pitchfork.com/albums/21922/homepage_large.cae303bb.jpg|Predatory Headlights|32981.0|Tenement|['Rock']|0.0|0.0|0.0|['Don Giovanni']|2015-06-19 00:00:00|2015|2016-06-11 16:09:32.504306|20666.0|http://pitchfork.com/reviews/albums/20666-predatory-headlights/|7.1|Ian Cohen
0|http://cdn2.pitchfork.com/albums/21952/homepage_large.b9c51334.jpg|Jaakko Eino Kalevi|32995.0|Jaakko Eino Kalevi|['Electronic']|0.0|0.0|0.0|['Weird World']|2015-06-19 00:00:00|2015|2016-06-11 16:09:33.035709|20695.0|http://pitchfork.com/reviews/albums/20695-jaakko-eino-kalevi/|6.9|Louis Pattison
0|http://cdn3.pitchfork.com/albums/21888/homepage_large.b44baf91.jpg|Don't Weigh Down the Light|5281.0|Meg Baird|['Folk/Country']|0.0|0.0|0.0|['Drag City', 'Wichita']|2015-06-19 00:00:00|2015|2016-06-11 16:09:33.517307|20632.0|http://pitchfork.com/reviews/albums/20632-dont-weigh-down-the-light/|7.1|Matthew Murphy
0|http://cdn.pitchfork.com/albums/21961/homepage_large.cf82af42.jpg|Déjà Vu|2950.0|Giorgio Moroder|['Pop/R&B']|0.0|0.0|0.0|['Sony', 'Giorgio Moroder']|2015-06-18 00:00:00|2015|2016-06-11 16:09:33.656037|20703.0|http://pitchfork.com/reviews/albums/20703-deja-vu/|2.5|Andy Beta
0|http://cdn2.pitchfork.com/albums/21951/homepage_large.ec2109a7.jpg|It's It's Remix Time Time EP|14576.0|Todd Terje|['Electronic']|0.0|0.0|0.0|['Olsen']|2015-06-18 00:00:00|2015|2016-06-11 16:09:34.231542|20694.0|http://pitchfork.com/reviews/albums/20694-its-its-remix-time-time-ep/|6.2|Abigail Garnett
0|http://cdn3.pitchfork.com/albums/21956/homepage_large.7fb9c7cf.jpg|Untitled|32998.0|False|['Metal']|0.0|0.0|0.0|['Gilead Media']|2015-06-18 00:00:00|2015|2016-06-11 16:09:34.774236|20699.0|http://pitchfork.com/reviews/albums/20699-untitled/|8.0|Jonathan K. Dick
0|http://cdn2.pitchfork.com/albums/21837/homepage_large.466bd9ad.jpg|Covered|32926.0|Robert Glasper Trio|['Jazz']|0.0|0.0|0.0|['Blue Note']|2015-06-18 00:00:00|2015|2016-06-11 16:09:35.218720|20573.0|http://pitchfork.com/reviews/albums/20573-covered/|6.7|Marcus J. Moore
0|http://cdn.pitchfork.com/albums/21955/homepage_large.a6f3aa7d.jpg|Meridian|29252.0|Evan Caminiti|['Experimental']|0.0|0.0|0.0|['Thrill Jockey']|2015-06-18 00:00:00|2015|2016-06-11 16:09:35.862491|20698.0|http://pitchfork.com/reviews/albums/20698-meridian/|7.0|Brandon Stosuy
0|http://cdn2.pitchfork.com/albums/21865/homepage_large.33ba54c3.jpg|Year of the Hare EP|5160.0|Fucked Up|['Metal']|0.0|0.0|0.0|['Deathwish']|2015-06-17 00:00:00|2015|2016-06-11 16:09:36.370956|20607.0|http://pitchfork.com/reviews/albums/20607-year-of-the-hare-ep/|6.0|Brandon Stosuy
0|http://cdn2.pitchfork.com/albums/21953/homepage_large.f26496e5.jpg|Dylan, Cash, and the Nashville Cats: A New Music City|0.0|Various Artists|[]|0.0|0.0|0.0|['CMF', 'Legacy']|2015-06-17 00:00:00|2015|2016-06-11 16:09:36.765312|20696.0|http://pitchfork.com/reviews/albums/20696-dylan-cash-and-the-nashville-cats-a-new-music-city/|7.7|Stephen M. Deusner
0|http://cdn2.pitchfork.com/albums/21879/homepage_large.7b95da93.jpg|City of Quartz|7016.0|Nick Diamonds|['Rock']|0.0|0.0|0.0|['Manqué']|2015-06-17 00:00:00|2015|2016-06-11 16:09:38.092503|20623.0|http://pitchfork.com/reviews/albums/20623-city-of-quartz/|6.8|Stuart Berman
0|http://cdn4.pitchfork.com/albums/21934/homepage_large.4e38d62d.jpg|1983|32542.0|Kölsch|['Electronic']|0.0|0.0|0.0|['Kompakt']|2015-06-17 00:00:00|2015|2016-06-11 16:09:38.708710|20676.0|http://pitchfork.com/reviews/albums/20676-1983/|6.5|Philip Sherburne
0|http://cdn3.pitchfork.com/albums/21988/homepage_large.91b69be6.jpg|_genic|33009.0|Namie Amuro|['Pop/R&B']|0.0|0.0|0.0|['Dimension Point']|2015-06-17 00:00:00|2015|2016-06-11 16:09:39.096695|20730.0|http://pitchfork.com/reviews/albums/20730-_genic/|6.7|Patrick St. Michel
0|http://cdn3.pitchfork.com/albums/21935/homepage_large.ac3198f8.jpg|DJ-Kicks|1201.0|DJ Koze|['Electronic']|0.0|0.0|0.0|['!K7']|2015-06-16 00:00:00|2015|2016-06-11 16:09:39.779578|20677.0|http://pitchfork.com/reviews/albums/20677-dj-kicks/|8.0|Mark Richardson
0|http://cdn4.pitchfork.com/albums/21907/homepage_large.d8add87f.jpg|Luminiferous|1943.0|High on Fire|['Metal']|0.0|0.0|0.0|['eOne Music']|2015-06-16 00:00:00|2015|2016-06-11 16:09:40.330633|20651.0|http://pitchfork.com/reviews/albums/20651-luminiferous/|8.0|Grayson Haver Currin
0|http://cdn3.pitchfork.com/albums/21931/homepage_large.390dab25.jpg|More Faithful|29270.0|No Joy|['Rock']|0.0|0.0|0.0|['Mexican Summer']|2015-06-16 00:00:00|2015|2016-06-11 16:09:40.729116|20673.0|http://pitchfork.com/reviews/albums/20673-more-faithful/|7.6|Maud Deitch
0|http://cdn4.pitchfork.com/albums/21858/homepage_large.8d6e0fc7.jpg|Settler|30329.0|Vattnet Viskar|['Metal']|0.0|0.0|0.0|['Century Media']|2015-06-16 00:00:00|2015|2016-06-11 16:09:41.248935|20601.0|http://pitchfork.com/reviews/albums/20601-settler/|7.4|Zoe Camp
0|http://cdn2.pitchfork.com/albums/21957/homepage_large.3202b3e9.jpg|The Great Cybernetic Depression|32999.0|Princess Chelsea|['Pop/R&B']|0.0|0.0|0.0|"['Flying Nun', ""Lil' Chief""]"|2015-06-16 00:00:00|2015|2016-06-11 16:09:42.028338|20700.0|http://pitchfork.com/reviews/albums/20700-the-great-cybernetic-depression/|6.6|Sasha Geffen
0|http://cdn4.pitchfork.com/albums/21933/homepage_large.df819e95.jpg|Lantern|22485.0|Hudson Mohawke|['Electronic']|0.0|0.0|0.0|['Warp']|2015-06-15 00:00:00|2015|2016-06-11 16:09:43.346451|20675.0|http://pitchfork.com/reviews/albums/20675-lantern/|7.4|Craig Jenkins
0|http://cdn4.pitchfork.com/albums/21819/homepage_large.04ca7638.jpg|Success|30460.0|KEN mode|['Metal']|0.0|0.0|0.0|['Season of Mist']|2015-06-15 00:00:00|2015|2016-06-11 16:09:44.068121|20552.0|http://pitchfork.com/reviews/albums/20552-success/|5.9|Grayson Haver Currin
0|http://cdn3.pitchfork.com/albums/21901/homepage_large.dd82091a.jpg|You're Going to Make It EP|2700.0|Mates of State|['Rock']|0.0|0.0|0.0|['Barsuk', 'Fierce Panda']|2015-06-15 00:00:00|2015|2016-06-11 16:09:44.650289|20645.0|http://pitchfork.com/reviews/albums/20645-youre-going-to-make-it-ep/|3.9|Stephen M. Deusner
0|http://cdn3.pitchfork.com/albums/21900/homepage_large.56e09bc3.jpg|Red Kite|850.0|Sarah Cracknell|['Pop/R&B']|0.0|0.0|0.0|['Cherry Red']|2015-06-15 00:00:00|2015|2016-06-11 16:09:45.470525|20644.0|http://pitchfork.com/reviews/albums/20644-red-kite/|7.1|Katherine St. Asaph
0|http://cdn.pitchfork.com/albums/21898/homepage_large.7d9b5f95.jpg|Olympic Mess|31639.0|Helm|['Electronic']|0.0|0.0|0.0|['Pan']|2015-06-15 00:00:00|2015|2016-06-11 16:09:46.814664|20642.0|http://pitchfork.com/reviews/albums/20642-olympic-mess/|7.2|Philip Sherburne
0|http://cdn2.pitchfork.com/albums/21921/homepage_large.4c67ff5b.jpg|FFS|32814.0|FFS|['Rock']|0.0|0.0|0.0|['Domino']|2015-06-12 00:00:00|2015|2016-06-11 16:09:47.358503|20665.0|http://pitchfork.com/reviews/albums/20665-ffs/|7.1|Douglas Wolk
0|http://cdn2.pitchfork.com/albums/21906/homepage_large.f1139ba5.jpg|Parlay EP|32849.0|Galcher Lustwerk|['Electronic']|0.0|0.0|0.0|['Lustwerk Music']|2015-06-12 00:00:00|2015|2016-06-11 16:09:48.043618|20650.0|http://pitchfork.com/reviews/albums/20650-parlay-ep/|7.9|Philip Sherburne
0|http://cdn4.pitchfork.com/albums/21928/homepage_large.ddf6e7b8.jpg|Touch Down 2 Cause Hell|32643.0|Boosie Badazz|['Rap']|0.0|0.0|0.0|['Atlantic', 'Trill Entertainment']|2015-06-12 00:00:00|2015|2016-06-11 16:09:48.634195|20670.0|http://pitchfork.com/reviews/albums/20670-touch-down-2-cause-hell/|7.4|Ernest Wilkins
0|http://cdn4.pitchfork.com/albums/21881/homepage_large.662c3c20.jpg|Basictonalvocabulary|4004.0|Surgeon|['Electronic']|0.0|0.0|1.0|['Tresor']|2015-06-12 00:00:00|1997|2016-06-11 16:09:49.375137|20625.0|http://pitchfork.com/reviews/albums/20625-basictonalvocabulary-balance-force-form/|8.1|Andrew Gaerig
1|http://cdn4.pitchfork.com/albums/21882/homepage_large.9b1c3f96.jpg|Balance|4004.0|Surgeon|['Electronic']|0.0|0.0|1.0|['Tresor']|2015-06-12 00:00:00|1998|2016-06-11 16:09:49.375137|20625.0|http://pitchfork.com/reviews/albums/20625-basictonalvocabulary-balance-force-form/|7.3|Andrew Gaerig
2|http://cdn4.pitchfork.com/albums/21883/homepage_large.55e19eb5.jpg|Force + Form|4004.0|Surgeon|['Electronic']|0.0|0.0|1.0|['Tresor']|2015-06-12 00:00:00|1999|2016-06-11 16:09:49.375137|20625.0|http://pitchfork.com/reviews/albums/20625-basictonalvocabulary-balance-force-form/|8.6|Andrew Gaerig
0|http://cdn3.pitchfork.com/albums/21897/homepage_large.9ec88368.jpg|The Fool|32961.0|Ryn Weaver|['Pop/R&B']|0.0|0.0|0.0|['Interscope', 'Mad Love']|2015-06-12 00:00:00|2015|2016-06-11 16:09:50.168088|20641.0|http://pitchfork.com/reviews/albums/20641-the-fool/|4.9|Miles Raymer
0|http://cdn2.pitchfork.com/albums/21840/homepage_large.c83bf781.jpg|I Don't Want to Let You Down EP|27920.0|Sharon Van Etten|['Rock']|0.0|0.0|0.0|['Jagjaguwar']|2015-06-11 00:00:00|2015|2016-06-11 16:09:50.900790|20576.0|http://pitchfork.com/reviews/albums/20576-sharon-van-etten-i-dont-want-to-let-you-down-ep/|7.0|Laura Snapes
0|http://cdn2.pitchfork.com/albums/21941/homepage_large.3ad61d82.jpg|Restless Ones|4885.0|Heartless Bastards|['Rock']|0.0|0.0|0.0|['Partisan', 'Dine Alone']|2015-06-11 00:00:00|2015|2016-06-11 16:09:51.519675|20683.0|http://pitchfork.com/reviews/albums/20683-restless-ones/|6.6|Tess Duncan
0|http://cdn2.pitchfork.com/albums/21932/homepage_large.e3e621dd.jpg|Sounding Lines|29566.0|Moritz Von Oswald Trio|['Electronic']|0.0|0.0|0.0|"[""Honest Jon's""]"|2015-06-11 00:00:00|2015|2016-06-11 16:09:52.223403|20674.0|http://pitchfork.com/reviews/albums/20674-sounding-lines/|6.3|Miles Raymer
0|http://cdn3.pitchfork.com/albums/21841/homepage_large.984d71be.jpg|Wild Nights|32928.0|PINS|['Rock']|0.0|0.0|0.0|['Bella Union']|2015-06-11 00:00:00|2015|2016-06-11 16:09:52.899520|20577.0|http://pitchfork.com/reviews/albums/20577-wild-nights/|4.0|Laura Snapes
0|http://cdn2.pitchfork.com/albums/21930/homepage_large.5b629bd3.jpg|Glass Piano|32985.0|Bruce Brubaker|['Experimental']|0.0|0.0|0.0|['Infiné']|2015-06-11 00:00:00|2015|2016-06-11 16:09:53.433222|20672.0|http://pitchfork.com/reviews/albums/20672-glass-piano/|7.0|Seth Colter Walls
0|http://cdn4.pitchfork.com/albums/21905/homepage_large.20cb90dc.jpg|Universal Themes|4050.0|Sun Kil Moon|['Folk/Country']|0.0|0.0|0.0|['Caldo Verde']|2015-06-10 00:00:00|2015|2016-06-11 16:09:53.594822|20693.0|http://pitchfork.com/reviews/albums/20693-universal-themes/|6.0|Mark Richardson
0|http://cdn2.pitchfork.com/albums/21863/homepage_large.b5cd626f.jpg|The Real Thing|1441.0|Faith No More|['Rock']|0.0|0.0|1.0|['Rhino']|2015-06-10 00:00:00|1989|2016-06-11 16:09:54.982894|20606.0|http://pitchfork.com/reviews/albums/20606-faith-no-more-the-real-thing-angel-dust/|7.6|Stuart Berman
1|http://cdn3.pitchfork.com/albums/21864/homepage_large.b5a71498.jpg|Angel Dust|1441.0|Faith No More|['Rock']|0.0|1.0|1.0|['Rhino']|2015-06-10 00:00:00|1992|2016-06-11 16:09:54.982894|20606.0|http://pitchfork.com/reviews/albums/20606-faith-no-more-the-real-thing-angel-dust/|8.8|Stuart Berman
0|http://cdn4.pitchfork.com/albums/21856/homepage_large.4ee8a4f8.jpg|Catharsis|32458.0|Institute|['Rock']|0.0|0.0|0.0|['Sacred Bones']|2015-06-10 00:00:00|2015|2016-06-11 16:09:55.807350|20599.0|http://pitchfork.com/reviews/albums/20599-catharsis/|7.2|Sam Lefebvre
0|http://cdn.pitchfork.com/albums/21927/homepage_large.32d7f009.jpg|Everything Is 4|32982.0|Jason Derulo|['Pop/R&B']|0.0|0.0|0.0|['Warner Bros.', 'Beluga Heights']|2015-06-10 00:00:00|2015|2016-06-11 16:09:56.449382|20669.0|http://pitchfork.com/reviews/albums/20669-everything-is-4/|6.6|Meaghan Garvey
0|http://cdn2.pitchfork.com/albums/21558/homepage_large.b2bd8371.jpg|Weird Prayer|32777.0|Sweet John Bloom|[]|0.0|0.0|0.0|['Tiny Engines']|2015-06-10 00:00:00|2015|2016-06-11 16:09:57.192324|20291.0|http://pitchfork.com/reviews/albums/20291-weird-prayer/|6.3|Ian Cohen
0|http://cdn4.pitchfork.com/albums/21894/homepage_large.aa92fe00.jpg|Apocalypse, girl|31232.0|Jenny Hval|['Experimental']|0.0|0.0|0.0|['Sacred Bones']|2015-06-09 00:00:00|2015|2016-06-11 16:09:57.929956|20638.0|http://pitchfork.com/reviews/albums/20638-apocalypse-girl/|7.9|Miles Raymer
0|http://cdn4.pitchfork.com/albums/21789/homepage_large.2035a089.jpg|Drones|2872.0|Muse|['Rock']|0.0|0.0|0.0|['Warner Bros.']|2015-06-09 00:00:00|2015|2016-06-11 16:09:58.513090|20520.0|http://pitchfork.com/reviews/albums/20520-drones/|4.5|Ian Cohen
0|http://cdn2.pitchfork.com/albums/21887/homepage_large.c1917ee2.jpg|Amusers and Puzzlers|3782.0|Sightings|['Rock']|0.0|0.0|0.0|['Dais']|2015-06-09 00:00:00|2015|2016-06-11 16:09:59.026976|20631.0|http://pitchfork.com/reviews/albums/20631-amusers-and-puzzlers/|7.5|Raymond Cummings
0|http://cdn3.pitchfork.com/albums/21911/homepage_large.aa5c29c7.jpg|Portal/Well|32967.0|Insect Ark|[]|0.0|0.0|0.0|['Autumnsongs']|2015-06-09 00:00:00|2015|2016-06-11 16:09:59.544822|20655.0|http://pitchfork.com/reviews/albums/20655-portalwell/|7.3|Jason Heller
0|http://cdn4.pitchfork.com/albums/21910/homepage_large.8904a841.jpg|Perfect World|32544.0|Uniform|[]|0.0|0.0|0.0|['12XU', 'Alter']|2015-06-09 00:00:00|2015|2016-06-11 16:10:00.149330|20654.0|http://pitchfork.com/reviews/albums/20654-perfect-world/|7.6|Andy O'Connor
0|http://cdn.pitchfork.com/albums/21832/homepage_large.ebf083d0.jpg|Corn|3635.0|Arthur Russell|['Experimental']|0.0|1.0|0.0|['Audika']|2015-06-08 00:00:00|2015|2016-06-11 16:10:00.898901|20568.0|http://pitchfork.com/reviews/albums/20568-corn/|8.3|Mark Richardson
0|http://cdn4.pitchfork.com/albums/21895/homepage_large.6f604ca1.jpg|Sub-Lingual Tablet|1445.0|The Fall|['Rock']|0.0|0.0|0.0|['Cherry Red']|2015-06-08 00:00:00|2015|2016-06-11 16:10:01.539898|20639.0|http://pitchfork.com/reviews/albums/20639-sub-lingual-tablet/|6.0|Stuart Berman
0|http://cdn2.pitchfork.com/albums/21896/homepage_large.f32e76fc.jpg|Nite-Glo EP|28910.0|Stellar OM Source|['Electronic']|0.0|0.0|0.0|['Rvng Intl.']|2015-06-08 00:00:00|2015|2016-06-11 16:10:02.155721|20640.0|http://pitchfork.com/reviews/albums/20640-nite-glo-ep/|7.1|Philip Sherburne
0|http://cdn.pitchfork.com/albums/21857/homepage_large.c65172d4.jpg|Home Economics|5425.0|Prinzhorn Dance School|['Electronic']|0.0|0.0|0.0|['DFA']|2015-06-08 00:00:00|2015|2016-06-11 16:10:03.416760|20600.0|http://pitchfork.com/reviews/albums/20600-home-economics/|6.7|Miles Raymer
0|http://cdn3.pitchfork.com/albums/21893/homepage_large.f734a357.jpg|City Lights Vol. 3: Soweto|3120.0|Nicolay|['Pop/R&B']|0.0|0.0|0.0|['Foreign Exchange']|2015-06-08 00:00:00|2015|2016-06-11 16:10:03.998968|20637.0|http://pitchfork.com/reviews/albums/20637-city-lights-vol-3-soweto/|6.8|Marcus J. Moore
0|http://cdn2.pitchfork.com/albums/21920/homepage_large.04db1a45.jpg|Surf|32988.0|Donnie Trumpet & the Social Experiment|['Rap']|1.0|0.0|0.0|['self-released']|2015-06-05 00:00:00|2015|2016-06-11 16:10:04.643540|20664.0|http://pitchfork.com/reviews/albums/20664-surf/|8.3|David Drake
0|http://cdn4.pitchfork.com/albums/21733/homepage_large.c362f631.jpg|Before the World Was Big|32493.0|Girlpool|['Rock']|0.0|0.0|0.0|['Wichita']|2015-06-05 00:00:00|2015|2016-06-11 16:10:05.382772|20465.0|http://pitchfork.com/reviews/albums/20465-before-the-world-was-big/|7.8|Jayson Greene
0|http://cdn2.pitchfork.com/albums/21855/homepage_large.76060b0a.jpg|Black Age Blues|24732.0|Goatsnake|['Metal']|0.0|0.0|0.0|['Southern Lord']|2015-06-05 00:00:00|2015|2016-06-11 16:10:06.242356|20598.0|http://pitchfork.com/reviews/albums/20598-black-age-blues/|7.3|Grayson Haver Currin
0|http://cdn3.pitchfork.com/albums/21913/homepage_large.c887d002.jpg|Pay Attention!|32969.0|The Mothmen|['Rock']|0.0|0.0|1.0|['On-U Sound']|2015-06-05 00:00:00|1981|2016-06-11 16:10:06.866592|20657.0|http://pitchfork.com/reviews/albums/20657-pay-attention/|6.0|Miles Raymer
0|http://cdn4.pitchfork.com/albums/21892/homepage_large.c85dac24.jpg|Time Wharp|32945.0|Time Wharp|['Electronic']|0.0|0.0|0.0|['Astro Nautico']|2015-06-05 00:00:00|2015|2016-06-11 16:10:07.399811|20636.0|http://pitchfork.com/reviews/albums/20636-time-wharp/|7.7|Philip Sherburne
0|http://cdn3.pitchfork.com/albums/21919/homepage_large.856f15aa.jpg|Chrissybaby Forever|30840.0|Christopher Owens|['Rock']|0.0|0.0|0.0|['Turnstile']|2015-06-04 00:00:00|2015|2016-06-11 16:10:08.081850|20663.0|http://pitchfork.com/reviews/albums/20663-chrissybaby-forever/|6.9|Jayson Greene
0|http://cdn.pitchfork.com/albums/21914/homepage_large.34057e40.jpg|Gold and Stone|28243.0|Eternal Summers|['Rock']|0.0|0.0|0.0|['Kanine']|2015-06-04 00:00:00|2015|2016-06-11 16:10:08.603248|20658.0|http://pitchfork.com/reviews/albums/20658-gold-and-stone/|7.3|Evan Rytlewski
0|http://cdn2.pitchfork.com/albums/21875/homepage_large.473fce0f.jpg|Grands Tyrans|23161.0|Akitsa|['Metal']|0.0|0.0|0.0|['Hospital Productions']|2015-06-04 00:00:00|2015|2016-06-11 16:10:09.130701|20619.0|http://pitchfork.com/reviews/albums/20619-grands-tyrans/|7.7|Andy O'Connor
0|http://cdn.pitchfork.com/albums/21891/homepage_large.ab62f316.jpg|The Clearing|10076.0|Rachel Grimes|['Pop/R&B']|0.0|0.0|0.0|['Temporary Residence']|2015-06-04 00:00:00|2015|2016-06-11 16:10:09.915210|20635.0|http://pitchfork.com/reviews/albums/20635-the-clearing/|5.7|Brian Howe
0|http://cdn2.pitchfork.com/albums/21831/homepage_large.29e18d6c.jpg|The Deslondes|32922.0|The Deslondes|['Folk/Country']|0.0|0.0|0.0|['New West']|2015-06-04 00:00:00|2015|2016-06-11 16:10:10.417830|20565.0|http://pitchfork.com/reviews/albums/20565-the-deslondes/|7.9|Stephen M. Deusner
